corridor,date,index,rule,priority
AMD_RUB,2019-02-14,25,Смена направления,2
AMD_RUB,2019-02-19,28,Необычное движение за 5 обновлений,3
AMD_RUB,2019-03-19,47,Необычное движение за 5 обновлений,3
AMD_RUB,2019-03-28,54,Смена направления,2
AMD_RUB,2019-04-03,58,Необычное движение за 5 обновлений,3
AMD_RUB,2019-04-26,75,Рывок после спокойного периода,1
AMD_RUB,2019-04-30,77,Необычное движение за 5 обновлений,3
AMD_RUB,2019-05-07,79,Необычное движение за 5 обновлений,3
AMD_RUB,2019-05-30,94,Рывок после спокойного периода,1
AMD_RUB,2019-06-04,97,Необычное движение за 5 обновлений,3
AMD_RUB,2019-06-20,108,Рывок после спокойного периода,1
AMD_RUB,2019-06-29,115,Смена направления,2
AMD_RUB,2019-07-03,117,Необычное движение за 5 обновлений,3
AMD_RUB,2019-07-09,121,Необычное движение за 5 обновлений,3
AMD_RUB,2019-07-16,126,Необычное движение за 5 обновлений,3
AMD_RUB,2019-07-30,136,Рывок после спокойного периода,1
AMD_RUB,2019-08-20,151,Необычное движение за 5 обновлений,3
AMD_RUB,2019-08-28,157,Смена направления,2
AMD_RUB,2019-09-11,167,Необычное движение за 5 обновлений,3
AMD_RUB,2019-09-28,180,Смена направления,2
AMD_RUB,2019-10-02,182,Необычное движение за 5 обновлений,3
AMD_RUB,2019-11-06,206,Рывок после спокойного периода,1
AMD_RUB,2019-12-06,228,Рывок после спокойного периода,1
AMD_RUB,2019-12-13,233,Рывок после спокойного периода,1
AMD_RUB,2019-12-26,242,Необычное движение за 5 обновлений,3
AMD_RUB,2020-01-11,248,Смена направления,2
AMD_RUB,2020-01-17,252,Смена направления,2
AMD_RUB,2020-01-22,255,Рывок после спокойного периода,1
AMD_RUB,2020-01-28,259,Необычное движение за 5 обновлений,3
AMD_RUB,2020-02-06,266,Необычное движение за 5 обновлений,3
AMD_RUB,2020-02-12,270,Смена направления,2
AMD_RUB,2020-02-22,278,Необычное движение за 5 обновлений,3
AMD_RUB,2020-03-05,285,Смена направления,2
AMD_RUB,2020-03-11,288,Смена направления,2
AMD_RUB,2020-03-18,293,Смена направления,2
AMD_RUB,2020-03-25,298,Смена направления,2
AMD_RUB,2020-04-07,302,Необычное движение за 5 обновлений,3
AMD_RUB,2020-04-17,310,Смена направления,2
AMD_RUB,2020-04-23,314,Необычное движение за 5 обновлений,3
AMD_RUB,2020-04-28,317,Смена направления,2
AMD_RUB,2020-07-11,366,Смена направления,2
AMD_RUB,2020-07-21,372,Смена направления,2
AMD_RUB,2020-07-31,380,Необычное движение за 5 обновлений,3
AMD_RUB,2020-08-07,385,Смена направления,2
AMD_RUB,2020-08-27,399,Необычное движение за 5 обновлений,3
AMD_RUB,2020-09-01,402,Смена направления,2
AMD_RUB,2020-09-08,407,Необычное движение за 5 обновлений,3
AMD_RUB,2020-09-22,417,Необычное движение за 5 обновлений,3
AMD_RUB,2020-09-29,422,Необычное движение за 5 обновлений,3
AMD_RUB,2020-10-10,431,Смена направления,2
AMD_RUB,2020-10-23,440,Смена направления,2
AMD_RUB,2020-10-29,444,Смена направления,2
AMD_RUB,2020-11-07,450,Смена направления,2
AMD_RUB,2020-11-19,458,Смена направления,2
AMD_RUB,2020-11-26,463,Необычное движение за 5 обновлений,3
AMD_RUB,2020-12-05,470,Смена направления,2
AMD_RUB,2020-12-15,476,Необычное движение за 5 обновлений,3
AMD_RUB,2020-12-26,485,Смена направления,2
AMD_RUB,2021-01-15,493,Смена направления,2
AMD_RUB,2021-01-27,501,Необычное движение за 5 обновлений,3
AMD_RUB,2021-02-10,511,Необычное движение за 5 обновлений,3
AMD_RUB,2021-03-20,537,Смена направления,2
AMD_RUB,2021-03-24,539,Необычное движение за 5 обновлений,3
AMD_RUB,2021-04-14,554,Необычное движение за 5 обновлений,3
AMD_RUB,2021-04-21,559,Смена направления,2
AMD_RUB,2021-04-27,563,Смена направления,2
AMD_RUB,2021-06-12,595,Необычное движение за 5 обновлений,3
AMD_RUB,2021-06-18,598,Смена направления,2
AMD_RUB,2021-06-22,600,Необычное движение за 5 обновлений,3
AMD_RUB,2021-07-09,613,Необычное движение за 5 обновлений,3
AMD_RUB,2021-07-14,616,Смена направления,2
AMD_RUB,2021-08-03,630,Необычное движение за 5 обновлений,3
AMD_RUB,2021-08-20,643,Рывок после спокойного периода,1
AMD_RUB,2021-09-22,666,Смена направления,2
AMD_RUB,2021-10-02,674,Смена направления,2
AMD_RUB,2021-10-06,676,Необычное движение за 5 обновлений,3
AMD_RUB,2021-10-13,681,Необычное движение за 5 обновлений,3
AMD_RUB,2021-10-26,690,Рывок после спокойного периода,1
AMD_RUB,2021-11-03,696,Необычное движение за 5 обновлений,3
AMD_RUB,2021-11-16,703,Смена направления,2
AMD_RUB,2021-11-24,709,Необычное движение за 5 обновлений,3
AMD_RUB,2021-12-01,714,Необычное движение за 5 обновлений,3
AMD_RUB,2021-12-10,721,Необычное движение за 5 обновлений,3
AMD_RUB,2021-12-24,731,Смена направления,2
AMD_RUB,2021-12-31,736,Смена направления,2
AMD_RUB,2022-01-19,743,Смена направления,2
AMD_RUB,2022-01-26,748,Необычное движение за 5 обновлений,3
AMD_RUB,2022-02-01,752,Смена направления,2
AMD_RUB,2022-02-15,762,Смена направления,2
AMD_RUB,2022-02-23,768,Смена направления,2
AMD_RUB,2022-03-15,780,Необычное движение за 5 обновлений,3
AMD_RUB,2022-03-25,788,Необычное движение за 5 обновлений,3
AMD_RUB,2022-04-08,798,Рывок после спокойного периода,1
AMD_RUB,2022-04-13,801,Смена направления,2
AMD_RUB,2022-05-06,816,Смена направления,2
AMD_RUB,2022-05-27,829,Смена направления,2
AMD_RUB,2022-06-02,833,Необычное движение за 5 обновлений,3
AMD_RUB,2022-07-05,855,Смена направления,2
AMD_RUB,2022-07-13,861,Смена направления,2
AMD_RUB,2022-07-26,870,Смена направления,2
AMD_RUB,2022-09-27,915,Смена направления,2
AMD_RUB,2022-10-06,922,Смена направления,2
AMD_RUB,2022-10-18,930,Смена направления,2
AMD_RUB,2022-11-12,948,Необычное движение за 5 обновлений,3
AMD_RUB,2022-12-08,966,Необычное движение за 5 обновлений,3
AMD_RUB,2022-12-15,971,Смена направления,2
AMD_RUB,2022-12-27,979,Смена направления,2
AMD_RUB,2023-01-11,985,Смена направления,2
AMD_RUB,2023-01-19,991,Смена направления,2
AMD_RUB,2023-02-10,1007,Необычное движение за 5 обновлений,3
AMD_RUB,2023-04-05,1042,Необычное движение за 5 обновлений,3
AMD_RUB,2023-05-04,1062,Смена направления,2
AMD_RUB,2023-05-16,1068,Смена направления,2
AMD_RUB,2023-06-15,1089,Необычное движение за 5 обновлений,3
AMD_RUB,2023-06-30,1100,Необычное движение за 5 обновлений,3
AMD_RUB,2023-07-12,1108,Смена направления,2
AMD_RUB,2023-07-29,1121,Рывок после спокойного периода,1
AMD_RUB,2023-08-04,1125,Необычное движение за 5 обновлений,3
AMD_RUB,2023-08-15,1132,Необычное движение за 5 обновлений,3
AMD_RUB,2023-09-13,1153,Смена направления,2
AMD_RUB,2023-10-03,1167,Рывок после спокойного периода,1
AMD_RUB,2023-10-11,1173,Необычное движение за 5 обновлений,3
AMD_RUB,2023-10-19,1179,Необычное движение за 5 обновлений,3
AMD_RUB,2023-10-25,1183,Необычное движение за 5 обновлений,3
AMD_RUB,2023-11-01,1188,Рывок после спокойного периода,1
AMD_RUB,2023-11-17,1199,Необычное движение за 5 обновлений,3
AMD_RUB,2023-12-07,1213,Необычное движение за 5 обновлений,3
AMD_RUB,2023-12-12,1216,Смена направления,2
AMD_RUB,2023-12-29,1229,Рывок после спокойного периода,1
AMD_RUB,2024-01-27,1244,Смена направления,2
AMD_RUB,2024-03-20,1279,Необычное движение за 5 обновлений,3
AMD_RUB,2024-04-19,1301,Смена направления,2
AMD_RUB,2024-04-25,1305,Рывок после спокойного периода,1
AMD_RUB,2024-05-25,1323,Необычное движение за 5 обновлений,3
AMD_RUB,2024-05-31,1327,Смена направления,2
AMD_RUB,2024-06-06,1331,Смена направления,2
AMD_RUB,2024-06-14,1336,Рывок после спокойного периода,1
AMD_RUB,2024-06-19,1339,Необычное движение за 5 обновлений,3
AMD_RUB,2024-06-25,1343,Необычное движение за 5 обновлений,3
AMD_RUB,2024-07-03,1349,Смена направления,2
AMD_RUB,2024-07-25,1365,Необычное движение за 5 обновлений,3
AMD_RUB,2024-08-06,1373,Смена направления,2
AMD_RUB,2024-08-17,1382,Смена направления,2
AMD_RUB,2024-08-21,1384,Смена направления,2
AMD_RUB,2024-09-03,1393,Рывок после спокойного периода,1
AMD_RUB,2024-09-11,1399,Необычное движение за 5 обновлений,3
AMD_RUB,2024-10-04,1416,Необычное движение за 5 обновлений,3
AMD_RUB,2024-10-08,1418,Необычное движение за 5 обновлений,3
AMD_RUB,2024-11-15,1446,Рывок после спокойного периода,1
AMD_RUB,2024-11-23,1452,Необычное движение за 5 обновлений,3
AMD_RUB,2024-12-03,1458,Смена направления,2
AMD_RUB,2024-12-12,1465,Смена направления,2
AMD_RUB,2024-12-25,1474,Необычное движение за 5 обновлений,3
AMD_RUB,2025-01-10,1479,Смена направления,2
AMD_RUB,2025-01-22,1487,Необычное движение за 5 обновлений,3
AMD_RUB,2025-02-07,1499,Смена направления,2
AMD_RUB,2025-02-14,1504,Необычное движение за 5 обновлений,3
AMD_RUB,2025-03-04,1516,Смена направления,2
AMD_RUB,2025-03-19,1527,Необычное движение за 5 обновлений,3
AMD_RUB,2025-04-15,1546,Смена направления,2
AMD_RUB,2025-04-25,1554,Смена направления,2
AMD_RUB,2025-05-30,1575,Рывок после спокойного периода,1
AMD_RUB,2025-07-26,1614,Необычное движение за 5 обновлений,3
AMD_RUB,2025-08-02,1619,Смена направления,2
AMD_RUB,2025-08-06,1621,Необычное движение за 5 обновлений,3
AMD_RUB,2025-08-23,1634,Рывок после спокойного периода,1
AMD_RUB,2025-09-05,1643,Необычное движение за 5 обновлений,3
AMD_RUB,2025-09-16,1650,Смена направления,2
AMD_RUB,2025-09-30,1660,Смена направления,2
AMD_RUB,2025-10-07,1665,Смена направления,2
AMD_RUB,2025-10-14,1670,Необычное движение за 5 обновлений,3
AMD_RUB,2025-10-21,1675,Смена направления,2
AMD_RUB,2025-10-28,1680,Смена направления,2
AMD_RUB,2025-11-22,1698,Смена направления,2
AMD_RUB,2025-11-27,1701,Необычное движение за 5 обновлений,3
AMD_RUB,2025-12-06,1708,Необычное движение за 5 обновлений,3
AMD_RUB,2025-12-11,1711,Смена направления,2
AMD_RUB,2025-12-25,1721,Смена направления,2
AMD_RUB,2026-01-14,1727,Смена направления,2
AMD_RUB,2026-01-23,1734,Необычное движение за 5 обновлений,3
AMD_RUB,2026-02-05,1743,Смена направления,2
AMD_RUB,2026-03-07,1764,Необычное движение за 5 обновлений,3
AMD_RUB,2026-03-14,1768,Необычное движение за 5 обновлений,3
AMD_RUB,2026-03-25,1775,Смена направления,2
AMD_RUB,2026-04-07,1784,Необычное движение за 5 обновлений,3
AMD_RUB,2026-05-20,1813,Необычное движение за 5 обновлений,3
AMD_RUB,2026-06-04,1824,Смена направления,2
AMD_RUB,2026-06-10,1828,Смена направления,2
AMD_RUB,2026-06-24,1837,Необычное движение за 5 обновлений,3
AMD_RUB,2026-07-15,1852,Смена направления,2
AMD_RUB,2026-07-31,1864,Смена направления,2
AMD_RUB,2026-08-08,1870,Необычное движение за 5 обновлений,3
AMD_RUB,2026-08-19,1877,Необычное движение за 5 обновлений,3
AMD_RUB,2026-08-28,1884,Смена направления,2
AMD_RUB,2026-09-03,1888,Необычное движение за 5 обновлений,3
KGS_RUB,2019-02-16,1916,Необычное движение за 5 обновлений,3
KGS_RUB,2019-02-21,1919,Смена направления,2
KGS_RUB,2019-03-01,1925,Смена направления,2
KGS_RUB,2019-03-19,1936,Необычное движение за 5 обновлений,3
KGS_RUB,2019-03-28,1943,Смена направления,2
KGS_RUB,2019-04-10,1952,Рывок после спокойного периода,1
KGS_RUB,2019-04-26,1964,Рывок после спокойного периода,1
KGS_RUB,2019-05-07,1968,Необычное движение за 5 обновлений,3
KGS_RUB,2019-05-21,1976,Необычное движение за 5 обновлений,3
KGS_RUB,2019-05-30,1983,Рывок после спокойного периода,1
KGS_RUB,2019-06-04,1986,Необычное движение за 5 обновлений,3
KGS_RUB,2019-06-21,1998,Необычное движение за 5 обновлений,3
KGS_RUB,2019-06-29,2004,Смена направления,2
KGS_RUB,2019-07-12,2013,Смена направления,2
KGS_RUB,2019-07-16,2015,Необычное движение за 5 обновлений,3
KGS_RUB,2019-07-30,2025,Рывок после спокойного периода,1
KGS_RUB,2019-08-20,2040,Необычное движение за 5 обновлений,3
KGS_RUB,2019-08-28,2046,Смена направления,2
KGS_RUB,2019-09-10,2055,Необычное движение за 5 обновлений,3
KGS_RUB,2019-09-28,2069,Смена направления,2
KGS_RUB,2019-10-02,2071,Необычное движение за 5 обновлений,3
KGS_RUB,2019-11-06,2095,Рывок после спокойного периода,1
KGS_RUB,2019-11-20,2105,Смена направления,2
KGS_RUB,2019-12-06,2117,Смена направления,2
KGS_RUB,2019-12-13,2122,Рывок после спокойного периода,1
KGS_RUB,2019-12-26,2131,Необычное движение за 5 обновлений,3
KGS_RUB,2020-01-14,2138,Необычное движение за 5 обновлений,3
KGS_RUB,2020-01-22,2144,Рывок после спокойного периода,1
KGS_RUB,2020-01-28,2148,Необычное движение за 5 обновлений,3
KGS_RUB,2020-02-06,2155,Необычное движение за 5 обновлений,3
KGS_RUB,2020-02-12,2159,Смена направления,2
KGS_RUB,2020-02-22,2167,Необычное движение за 5 обновлений,3
KGS_RUB,2020-03-05,2174,Смена направления,2
KGS_RUB,2020-03-11,2177,Смена направления,2
KGS_RUB,2020-03-19,2183,Смена направления,2
KGS_RUB,2020-03-25,2187,Смена направления,2
KGS_RUB,2020-04-11,2195,Смена направления,2
KGS_RUB,2020-04-23,2203,Смена направления,2
KGS_RUB,2020-06-04,2229,Смена направления,2
KGS_RUB,2020-07-07,2251,Смена направления,2
KGS_RUB,2020-07-28,2266,Смена направления,2
KGS_RUB,2020-08-04,2271,Необычное движение за 5 обновлений,3
KGS_RUB,2020-08-18,2281,Необычное движение за 5 обновлений,3
KGS_RUB,2020-08-27,2288,Необычное движение за 5 обновлений,3
KGS_RUB,2020-09-01,2291,Смена направления,2
KGS_RUB,2020-09-09,2297,Необычное движение за 5 обновлений,3
KGS_RUB,2020-09-15,2301,Смена направления,2
KGS_RUB,2020-09-29,2311,Необычное движение за 5 обновлений,3
KGS_RUB,2020-10-10,2320,Смена направления,2
KGS_RUB,2020-10-21,2327,Смена направления,2
KGS_RUB,2020-10-31,2335,Смена направления,2
KGS_RUB,2020-11-06,2338,Смена направления,2
KGS_RUB,2020-11-19,2347,Смена направления,2
KGS_RUB,2020-12-05,2359,Смена направления,2
KGS_RUB,2020-12-17,2367,Смена направления,2
KGS_RUB,2020-12-22,2370,Необычное движение за 5 обновлений,3
KGS_RUB,2020-12-29,2375,Необычное движение за 5 обновлений,3
KGS_RUB,2021-01-26,2389,Смена направления,2
KGS_RUB,2021-03-20,2426,Смена направления,2
KGS_RUB,2021-03-24,2428,Необычное движение за 5 обновлений,3
KGS_RUB,2021-04-08,2439,Необычное движение за 5 обновлений,3
KGS_RUB,2021-04-15,2444,Смена направления,2
KGS_RUB,2021-04-22,2449,Смена направления,2
KGS_RUB,2021-04-27,2452,Смена направления,2
KGS_RUB,2021-06-03,2477,Смена направления,2
KGS_RUB,2021-06-10,2482,Необычное движение за 5 обновлений,3
KGS_RUB,2021-06-22,2489,Необычное движение за 5 обновлений,3
KGS_RUB,2021-07-03,2498,Необычное движение за 5 обновлений,3
KGS_RUB,2021-07-09,2502,Необычное движение за 5 обновлений,3
KGS_RUB,2021-07-14,2505,Смена направления,2
KGS_RUB,2021-07-23,2512,Рывок после спокойного периода,1
KGS_RUB,2021-07-31,2518,Смена направления,2
KGS_RUB,2021-08-20,2532,Рывок после спокойного периода,1
KGS_RUB,2021-09-03,2542,Необычное движение за 5 обновлений,3
KGS_RUB,2021-09-22,2555,Смена направления,2
KGS_RUB,2021-10-09,2568,Необычное движение за 5 обновлений,3
KGS_RUB,2021-10-16,2573,Рывок после спокойного периода,1
KGS_RUB,2021-10-20,2575,Необычное движение за 5 обновлений,3
KGS_RUB,2021-10-26,2579,Рывок после спокойного периода,1
KGS_RUB,2021-11-02,2584,Необычное движение за 5 обновлений,3
KGS_RUB,2021-11-11,2589,Смена направления,2
KGS_RUB,2021-11-16,2592,Смена направления,2
KGS_RUB,2021-12-02,2604,Смена направления,2
KGS_RUB,2021-12-24,2620,Смена направления,2
KGS_RUB,2021-12-31,2625,Смена направления,2
KGS_RUB,2022-01-11,2626,Необычное движение за 5 обновлений,3
KGS_RUB,2022-01-19,2632,Смена направления,2
KGS_RUB,2022-01-26,2637,Необычное движение за 5 обновлений,3
KGS_RUB,2022-02-01,2641,Смена направления,2
KGS_RUB,2022-02-11,2649,Необычное движение за 5 обновлений,3
KGS_RUB,2022-02-15,2651,Смена направления,2
KGS_RUB,2022-02-23,2657,Смена направления,2
KGS_RUB,2022-03-10,2666,Необычное движение за 5 обновлений,3
KGS_RUB,2022-03-15,2669,Смена направления,2
KGS_RUB,2022-03-26,2678,Смена направления,2
KGS_RUB,2022-03-30,2680,Необычное движение за 5 обновлений,3
KGS_RUB,2022-04-09,2688,Необычное движение за 5 обновлений,3
KGS_RUB,2022-04-13,2690,Смена направления,2
KGS_RUB,2022-05-25,2716,Смена направления,2
KGS_RUB,2022-07-05,2744,Смена направления,2
KGS_RUB,2022-07-12,2749,Смена направления,2
KGS_RUB,2022-09-24,2803,Необычное движение за 5 обновлений,3
KGS_RUB,2022-10-06,2811,Смена направления,2
KGS_RUB,2022-10-15,2818,Смена направления,2
KGS_RUB,2022-11-12,2837,Необычное движение за 5 обновлений,3
KGS_RUB,2022-12-08,2855,Необычное движение за 5 обновлений,3
KGS_RUB,2022-12-16,2861,Необычное движение за 5 обновлений,3
KGS_RUB,2022-12-27,2868,Смена направления,2
KGS_RUB,2023-01-11,2874,Смена направления,2
KGS_RUB,2023-01-19,2880,Смена направления,2
KGS_RUB,2023-02-10,2896,Необычное движение за 5 обновлений,3
KGS_RUB,2023-04-05,2931,Необычное движение за 5 обновлений,3
KGS_RUB,2023-04-29,2949,Рывок после спокойного периода,1
KGS_RUB,2023-05-04,2951,Необычное движение за 5 обновлений,3
KGS_RUB,2023-05-16,2957,Смена направления,2
KGS_RUB,2023-06-15,2978,Необычное движение за 5 обновлений,3
KGS_RUB,2023-06-30,2989,Необычное движение за 5 обновлений,3
KGS_RUB,2023-07-12,2997,Смена направления,2
KGS_RUB,2023-07-29,3010,Рывок после спокойного периода,1
KGS_RUB,2023-08-04,3014,Необычное движение за 5 обновлений,3
KGS_RUB,2023-08-15,3021,Необычное движение за 5 обновлений,3
KGS_RUB,2023-09-13,3042,Смена направления,2
KGS_RUB,2023-10-04,3057,Необычное движение за 5 обновлений,3
KGS_RUB,2023-10-13,3064,Смена направления,2
KGS_RUB,2023-10-21,3070,Рывок после спокойного периода,1
KGS_RUB,2023-10-25,3072,Необычное движение за 5 обновлений,3
KGS_RUB,2023-11-01,3077,Рывок после спокойного периода,1
KGS_RUB,2023-11-16,3087,Необычное движение за 5 обновлений,3
KGS_RUB,2023-11-21,3090,Необычное движение за 5 обновлений,3
KGS_RUB,2023-12-07,3102,Необычное движение за 5 обновлений,3
KGS_RUB,2023-12-12,3105,Смена направления,2
KGS_RUB,2023-12-29,3118,Рывок после спокойного периода,1
KGS_RUB,2024-01-12,3122,Необычное движение за 5 обновлений,3
KGS_RUB,2024-01-17,3125,Необычное движение за 5 обновлений,3
KGS_RUB,2024-01-27,3133,Смена направления,2
KGS_RUB,2024-04-12,3185,Необычное движение за 5 обновлений,3
KGS_RUB,2024-04-17,3188,Необычное движение за 5 обновлений,3
KGS_RUB,2024-04-23,3192,Смена направления,2
KGS_RUB,2024-05-28,3213,Необычное движение за 5 обновлений,3
KGS_RUB,2024-06-05,3219,Смена направления,2
KGS_RUB,2024-06-15,3226,Смена направления,2
KGS_RUB,2024-06-19,3228,Необычное движение за 5 обновлений,3
KGS_RUB,2024-06-26,3233,Необычное движение за 5 обновлений,3
KGS_RUB,2024-07-03,3238,Смена направления,2
KGS_RUB,2024-07-26,3255,Необычное движение за 5 обновлений,3
KGS_RUB,2024-07-31,3258,Смена направления,2
KGS_RUB,2024-08-06,3262,Смена направления,2
KGS_RUB,2024-08-13,3267,Необычное движение за 5 обновлений,3
KGS_RUB,2024-08-21,3273,Смена направления,2
KGS_RUB,2024-09-04,3283,Необычное движение за 5 обновлений,3
KGS_RUB,2024-09-11,3288,Необычное движение за 5 обновлений,3
KGS_RUB,2024-09-20,3295,Смена направления,2
KGS_RUB,2024-09-24,3297,Необычное движение за 5 обновлений,3
KGS_RUB,2024-10-04,3305,Необычное движение за 5 обновлений,3
KGS_RUB,2024-10-08,3307,Необычное движение за 5 обновлений,3
KGS_RUB,2024-11-23,3341,Необычное движение за 5 обновлений,3
KGS_RUB,2024-12-04,3348,Смена направления,2
KGS_RUB,2024-12-12,3354,Смена направления,2
KGS_RUB,2024-12-27,3365,Необычное движение за 5 обновлений,3
KGS_RUB,2025-01-22,3376,Необычное движение за 5 обновлений,3
KGS_RUB,2025-02-07,3388,Смена направления,2
KGS_RUB,2025-02-13,3392,Необычное движение за 5 обновлений,3
KGS_RUB,2025-02-26,3401,Необычное движение за 5 обновлений,3
KGS_RUB,2025-03-04,3405,Смена направления,2
KGS_RUB,2025-03-15,3414,Необычное движение за 5 обновлений,3
KGS_RUB,2025-03-22,3419,Смена направления,2
KGS_RUB,2025-04-15,3435,Смена направления,2
KGS_RUB,2025-05-30,3464,Рывок после спокойного периода,1
KGS_RUB,2025-07-10,3491,Смена направления,2
KGS_RUB,2025-07-26,3503,Необычное движение за 5 обновлений,3
KGS_RUB,2025-08-02,3508,Смена направления,2
KGS_RUB,2025-08-06,3510,Необычное движение за 5 обновлений,3
KGS_RUB,2025-08-23,3523,Рывок после спокойного периода,1
KGS_RUB,2025-09-05,3532,Необычное движение за 5 обновлений,3
KGS_RUB,2025-09-16,3539,Смена направления,2
KGS_RUB,2025-10-02,3551,Необычное движение за 5 обновлений,3
KGS_RUB,2025-10-07,3554,Смена направления,2
KGS_RUB,2025-10-14,3559,Необычное движение за 5 обновлений,3
KGS_RUB,2025-10-21,3564,Смена направления,2
KGS_RUB,2025-10-28,3569,Смена направления,2
KGS_RUB,2025-11-22,3587,Рывок после спокойного периода,1
KGS_RUB,2025-11-27,3590,Необычное движение за 5 обновлений,3
KGS_RUB,2025-12-11,3600,Смена направления,2
KGS_RUB,2025-12-24,3609,Смена направления,2
KGS_RUB,2026-01-23,3623,Необычное движение за 5 обновлений,3
KGS_RUB,2026-02-05,3632,Смена направления,2
KGS_RUB,2026-03-07,3653,Необычное движение за 5 обновлений,3
KGS_RUB,2026-03-14,3657,Необычное движение за 5 обновлений,3
KGS_RUB,2026-03-24,3663,Смена направления,2
KGS_RUB,2026-04-07,3673,Необычное движение за 5 обновлений,3
KGS_RUB,2026-05-13,3697,Смена направления,2
KGS_RUB,2026-05-20,3702,Необычное движение за 5 обновлений,3
KGS_RUB,2026-06-04,3713,Смена направления,2
KGS_RUB,2026-06-10,3717,Смена направления,2
KGS_RUB,2026-06-24,3726,Необычное движение за 5 обновлений,3
KGS_RUB,2026-07-15,3741,Смена направления,2
KGS_RUB,2026-07-31,3753,Смена направления,2
KGS_RUB,2026-08-08,3759,Необычное движение за 5 обновлений,3
KGS_RUB,2026-08-19,3766,Необычное движение за 5 обновлений,3
KGS_RUB,2026-08-28,3773,Смена направления,2
KGS_RUB,2026-09-03,3777,Необычное движение за 5 обновлений,3
KZT_RUB,2019-02-23,3810,Необычное движение за 5 обновлений,3
KZT_RUB,2019-03-01,3814,Смена направления,2
KZT_RUB,2019-03-19,3825,Необычное движение за 5 обновлений,3
KZT_RUB,2019-03-28,3832,Смена направления,2
KZT_RUB,2019-04-03,3836,Необычное движение за 5 обновлений,3
KZT_RUB,2019-04-26,3853,Рывок после спокойного периода,1
KZT_RUB,2019-05-07,3857,Необычное движение за 5 обновлений,3
KZT_RUB,2019-05-14,3860,Необычное движение за 5 обновлений,3
KZT_RUB,2019-06-06,3877,Смена направления,2
KZT_RUB,2019-06-12,3881,Рывок после спокойного периода,1
KZT_RUB,2019-06-26,3890,Необычное движение за 5 обновлений,3
KZT_RUB,2019-07-12,3902,Рывок после спокойного периода,1
KZT_RUB,2019-07-16,3904,Необычное движение за 5 обновлений,3
KZT_RUB,2019-07-30,3914,Рывок после спокойного периода,1
KZT_RUB,2019-08-16,3927,Необычное движение за 5 обновлений,3
KZT_RUB,2019-08-23,3932,Смена направления,2
KZT_RUB,2019-08-29,3936,Смена направления,2
KZT_RUB,2019-09-11,3945,Необычное движение за 5 обновлений,3
KZT_RUB,2019-09-28,3958,Смена направления,2
KZT_RUB,2019-10-02,3960,Необычное движение за 5 обновлений,3
KZT_RUB,2019-10-08,3964,Смена направления,2
KZT_RUB,2019-11-06,3984,Рывок после спокойного периода,1
KZT_RUB,2019-12-06,4006,Смена направления,2
KZT_RUB,2019-12-14,4012,Необычное движение за 5 обновлений,3
KZT_RUB,2020-01-14,4027,Необычное движение за 5 обновлений,3
KZT_RUB,2020-01-21,4032,Необычное движение за 5 обновлений,3
KZT_RUB,2020-01-29,4038,Рывок после спокойного периода,1
KZT_RUB,2020-02-07,4045,Смена направления,2
KZT_RUB,2020-02-12,4048,Смена направления,2
KZT_RUB,2020-02-22,4056,Необычное движение за 5 обновлений,3
KZT_RUB,2020-03-05,4063,Смена направления,2
KZT_RUB,2020-03-11,4066,Смена направления,2
KZT_RUB,2020-03-17,4070,Смена направления,2
KZT_RUB,2020-03-27,4078,Смена направления,2
KZT_RUB,2020-04-07,4080,Необычное движение за 5 обновлений,3
KZT_RUB,2020-04-17,4088,Смена направления,2
KZT_RUB,2020-04-25,4094,Смена направления,2
KZT_RUB,2020-05-07,4099,Смена направления,2
KZT_RUB,2020-05-22,4109,Рывок после спокойного периода,1
KZT_RUB,2020-07-10,4143,Смена направления,2
KZT_RUB,2020-07-14,4145,Необычное движение за 5 обновлений,3
KZT_RUB,2020-07-29,4156,Смена направления,2
KZT_RUB,2020-08-04,4160,Необычное движение за 5 обновлений,3
KZT_RUB,2020-08-22,4174,Необычное движение за 5 обновлений,3
KZT_RUB,2020-09-01,4180,Смена направления,2
KZT_RUB,2020-09-08,4185,Необычное движение за 5 обновлений,3
KZT_RUB,2020-09-18,4193,Смена направления,2
KZT_RUB,2020-09-30,4201,Необычное движение за 5 обновлений,3
KZT_RUB,2020-10-07,4206,Смена направления,2
KZT_RUB,2020-10-27,4220,Необычное движение за 5 обновлений,3
KZT_RUB,2020-11-07,4228,Смена направления,2
KZT_RUB,2020-12-05,4248,Смена направления,2
KZT_RUB,2020-12-09,4250,Необычное движение за 5 обновлений,3
KZT_RUB,2020-12-22,4259,Необычное движение за 5 обновлений,3
KZT_RUB,2020-12-30,4265,Необычное движение за 5 обновлений,3
KZT_RUB,2021-01-12,4268,Рывок после спокойного периода,1
KZT_RUB,2021-01-23,4277,Рывок после спокойного периода,1
KZT_RUB,2021-01-29,4281,Необычное движение за 5 обновлений,3
KZT_RUB,2021-02-10,4289,Смена направления,2
KZT_RUB,2021-02-27,4301,Рывок после спокойного периода,1
KZT_RUB,2021-03-04,4304,Смена направления,2
KZT_RUB,2021-03-10,4307,Смена направления,2
KZT_RUB,2021-03-17,4312,Необычное движение за 5 обновлений,3
KZT_RUB,2021-03-24,4317,Необычное движение за 5 обновлений,3
KZT_RUB,2021-03-30,4321,Смена направления,2
KZT_RUB,2021-04-15,4333,Необычное движение за 5 обновлений,3
KZT_RUB,2021-04-22,4338,Смена направления,2
KZT_RUB,2021-04-27,4341,Смена направления,2
KZT_RUB,2021-05-05,4346,Рывок после спокойного периода,1
KZT_RUB,2021-06-10,4371,Необычное движение за 5 обновлений,3
KZT_RUB,2021-06-18,4376,Смена направления,2
KZT_RUB,2021-06-22,4378,Необычное движение за 5 обновлений,3
KZT_RUB,2021-06-30,4384,Необычное движение за 5 обновлений,3
KZT_RUB,2021-07-23,4401,Рывок после спокойного периода,1
KZT_RUB,2021-08-20,4421,Рывок после спокойного периода,1
KZT_RUB,2021-09-03,4431,Необычное движение за 5 обновлений,3
KZT_RUB,2021-09-11,4437,Рывок после спокойного периода,1
KZT_RUB,2021-09-22,4444,Смена направления,2
KZT_RUB,2021-10-08,4456,Рывок после спокойного периода,1
KZT_RUB,2021-10-16,4462,Рывок после спокойного периода,1
KZT_RUB,2021-10-20,4464,Необычное движение за 5 обновлений,3
KZT_RUB,2021-10-26,4468,Необычное движение за 5 обновлений,3
KZT_RUB,2021-11-03,4474,Необычное движение за 5 обновлений,3
KZT_RUB,2021-11-11,4478,Смена направления,2
KZT_RUB,2021-11-16,4481,Смена направления,2
KZT_RUB,2021-11-24,4487,Необычное движение за 5 обновлений,3
KZT_RUB,2021-12-01,4492,Смена направления,2
KZT_RUB,2021-12-08,4497,Смена направления,2
KZT_RUB,2022-01-11,4515,Рывок после спокойного периода,1
KZT_RUB,2022-01-19,4521,Смена направления,2
KZT_RUB,2022-01-26,4526,Необычное движение за 5 обновлений,3
KZT_RUB,2022-02-01,4530,Смена направления,2
KZT_RUB,2022-02-23,4546,Необычное движение за 5 обновлений,3
KZT_RUB,2022-03-01,4549,Необычное движение за 5 обновлений,3
KZT_RUB,2022-03-12,4557,Смена направления,2
KZT_RUB,2022-03-30,4569,Необычное движение за 5 обновлений,3
KZT_RUB,2022-04-13,4579,Смена направления,2
KZT_RUB,2022-05-17,4599,Смена направления,2
KZT_RUB,2022-05-27,4607,Смена направления,2
KZT_RUB,2022-06-02,4611,Необычное движение за 5 обновлений,3
KZT_RUB,2022-06-23,4625,Необычное движение за 5 обновлений,3
KZT_RUB,2022-07-06,4634,Необычное движение за 5 обновлений,3
KZT_RUB,2022-07-13,4639,Смена направления,2
KZT_RUB,2022-07-20,4644,Необычное движение за 5 обновлений,3
KZT_RUB,2022-07-28,4650,Необычное движение за 5 обновлений,3
KZT_RUB,2022-09-27,4693,Смена направления,2
KZT_RUB,2022-10-06,4700,Смена направления,2
KZT_RUB,2022-10-18,4708,Смена направления,2
KZT_RUB,2022-11-04,4721,Необычное движение за 5 обновлений,3
KZT_RUB,2022-11-10,4724,Смена направления,2
KZT_RUB,2022-12-15,4749,Смена направления,2
KZT_RUB,2022-12-30,4760,Смена направления,2
KZT_RUB,2023-01-11,4763,Смена направления,2
KZT_RUB,2023-02-10,4785,Необычное движение за 5 обновлений,3
KZT_RUB,2023-03-14,4804,Смена направления,2
KZT_RUB,2023-03-30,4816,Смена направления,2
KZT_RUB,2023-04-05,4820,Необычное движение за 5 обновлений,3
KZT_RUB,2023-05-12,4844,Смена направления,2
KZT_RUB,2023-05-16,4846,Смена направления,2
KZT_RUB,2023-06-30,4878,Необычное движение за 5 обновлений,3
KZT_RUB,2023-07-12,4886,Смена направления,2
KZT_RUB,2023-08-04,4903,Необычное движение за 5 обновлений,3
KZT_RUB,2023-08-15,4910,Необычное движение за 5 обновлений,3
KZT_RUB,2023-08-24,4917,Смена направления,2
KZT_RUB,2023-09-12,4930,Смена направления,2
KZT_RUB,2023-10-04,4946,Смена направления,2
KZT_RUB,2023-10-13,4953,Смена направления,2
KZT_RUB,2023-10-17,4955,Необычное движение за 5 обновлений,3
KZT_RUB,2023-10-25,4961,Необычное движение за 5 обновлений,3
KZT_RUB,2023-11-21,4979,Необычное движение за 5 обновлений,3
KZT_RUB,2023-12-05,4989,Необычное движение за 5 обновлений,3
KZT_RUB,2023-12-13,4995,Смена направления,2
KZT_RUB,2023-12-22,5002,Рывок после спокойного периода,1
KZT_RUB,2024-01-27,5022,Необычное движение за 5 обновлений,3
KZT_RUB,2024-02-13,5033,Смена направления,2
KZT_RUB,2024-05-16,5094,Смена направления,2
KZT_RUB,2024-05-25,5101,Необычное движение за 5 обновлений,3
KZT_RUB,2024-05-31,5105,Смена направления,2
KZT_RUB,2024-06-05,5108,Смена направления,2
KZT_RUB,2024-06-14,5114,Необычное движение за 5 обновлений,3
KZT_RUB,2024-06-19,5117,Необычное движение за 5 обновлений,3
KZT_RUB,2024-06-25,5121,Смена направления,2
KZT_RUB,2024-07-04,5128,Смена направления,2
KZT_RUB,2024-07-17,5137,Смена направления,2
KZT_RUB,2024-07-26,5144,Необычное движение за 5 обновлений,3
KZT_RUB,2024-08-07,5152,Необычное движение за 5 обновлений,3
KZT_RUB,2024-08-16,5159,Смена направления,2
KZT_RUB,2024-08-21,5162,Смена направления,2
KZT_RUB,2024-09-04,5172,Необычное движение за 5 обновлений,3
KZT_RUB,2024-09-10,5176,Смена направления,2
KZT_RUB,2024-09-20,5184,Рывок после спокойного периода,1
KZT_RUB,2024-10-08,5196,Необычное движение за 5 обновлений,3
KZT_RUB,2024-10-17,5203,Смена направления,2
KZT_RUB,2024-11-15,5224,Рывок после спокойного периода,1
KZT_RUB,2024-11-23,5230,Необычное движение за 5 обновлений,3
KZT_RUB,2024-12-03,5236,Смена направления,2
KZT_RUB,2024-12-12,5243,Смена направления,2
KZT_RUB,2024-12-17,5246,Смена направления,2
KZT_RUB,2024-12-25,5252,Необычное движение за 5 обновлений,3
KZT_RUB,2025-01-22,5265,Необычное движение за 5 обновлений,3
KZT_RUB,2025-02-07,5277,Смена направления,2
KZT_RUB,2025-02-15,5283,Необычное движение за 5 обновлений,3
KZT_RUB,2025-02-22,5288,Смена направления,2
KZT_RUB,2025-03-04,5294,Смена направления,2
KZT_RUB,2025-03-12,5300,Смена направления,2
KZT_RUB,2025-03-22,5308,Смена направления,2
KZT_RUB,2025-04-11,5322,Смена направления,2
KZT_RUB,2025-04-15,5324,Необычное движение за 5 обновлений,3
KZT_RUB,2025-04-24,5331,Смена направления,2
KZT_RUB,2025-06-21,5367,Необычное движение за 5 обновлений,3
KZT_RUB,2025-06-25,5369,Необычное движение за 5 обновлений,3
KZT_RUB,2025-07-16,5384,Рывок после спокойного периода,1
KZT_RUB,2025-07-30,5394,Необычное движение за 5 обновлений,3
KZT_RUB,2025-08-06,5399,Необычное движение за 5 обновлений,3
KZT_RUB,2025-08-16,5407,Смена направления,2
KZT_RUB,2025-09-09,5423,Необычное движение за 5 обновлений,3
KZT_RUB,2025-09-16,5428,Смена направления,2
KZT_RUB,2025-09-30,5438,Необычное движение за 5 обновлений,3
KZT_RUB,2025-10-07,5443,Смена направления,2
KZT_RUB,2025-10-16,5450,Необычное движение за 5 обновлений,3
KZT_RUB,2025-10-21,5453,Смена направления,2
KZT_RUB,2025-10-28,5458,Смена направления,2
KZT_RUB,2025-12-04,5484,Рывок после спокойного периода,1
KZT_RUB,2025-12-13,5491,Смена направления,2
KZT_RUB,2025-12-20,5496,Необычное движение за 5 обновлений,3
KZT_RUB,2025-12-24,5498,Смена направления,2
KZT_RUB,2025-12-31,5503,Смена направления,2
KZT_RUB,2026-01-23,5512,Необычное движение за 5 обновлений,3
KZT_RUB,2026-01-28,5515,Смена направления,2
KZT_RUB,2026-02-05,5521,Смена направления,2
KZT_RUB,2026-02-17,5529,Смена направления,2
KZT_RUB,2026-02-26,5535,Смена направления,2
KZT_RUB,2026-03-07,5542,Необычное движение за 5 обновлений,3
KZT_RUB,2026-03-24,5552,Смена направления,2
KZT_RUB,2026-04-10,5565,Необычное движение за 5 обновлений,3
KZT_RUB,2026-04-14,5567,Смена направления,2
KZT_RUB,2026-04-25,5576,Смена направления,2
KZT_RUB,2026-05-16,5589,Необычное движение за 5 обновлений,3
KZT_RUB,2026-05-30,5599,Смена направления,2
KZT_RUB,2026-06-05,5603,Смена направления,2
KZT_RUB,2026-06-10,5606,Смена направления,2
KZT_RUB,2026-06-24,5615,Необычное движение за 5 обновлений,3
KZT_RUB,2026-08-07,5647,Необычное движение за 5 обновлений,3
KZT_RUB,2026-08-13,5651,Необычное движение за 5 обновлений,3
KZT_RUB,2026-08-18,5654,Необычное движение за 5 обновлений,3
KZT_RUB,2026-08-26,5660,Смена направления,2
TJS_RUB,2019-02-08,5688,Рывок после спокойного периода,1
TJS_RUB,2019-02-16,5694,Смена направления,2
TJS_RUB,2019-02-21,5697,Смена направления,2
TJS_RUB,2019-03-01,5703,Смена направления,2
TJS_RUB,2019-03-19,5714,Необычное движение за 5 обновлений,3
TJS_RUB,2019-03-28,5721,Смена направления,2
TJS_RUB,2019-04-10,5730,Рывок после спокойного периода,1
TJS_RUB,2019-04-16,5734,Необычное движение за 5 обновлений,3
TJS_RUB,2019-04-27,5743,Смена направления,2
TJS_RUB,2019-05-07,5746,Необычное движение за 5 обновлений,3
TJS_RUB,2019-05-16,5751,Рывок после спокойного периода,1
TJS_RUB,2019-06-04,5764,Необычное движение за 5 обновлений,3
TJS_RUB,2019-06-21,5776,Необычное движение за 5 обновлений,3
TJS_RUB,2019-07-09,5788,Необычное движение за 5 обновлений,3
TJS_RUB,2019-07-16,5793,Необычное движение за 5 обновлений,3
TJS_RUB,2019-07-30,5803,Рывок после спокойного периода,1
TJS_RUB,2019-08-20,5818,Необычное движение за 5 обновлений,3
TJS_RUB,2019-08-28,5824,Смена направления,2
TJS_RUB,2019-09-11,5834,Необычное движение за 5 обновлений,3
TJS_RUB,2019-09-28,5847,Смена направления,2
TJS_RUB,2019-10-02,5849,Необычное движение за 5 обновлений,3
TJS_RUB,2019-11-06,5873,Рывок после спокойного периода,1
TJS_RUB,2019-12-03,5892,Рывок после спокойного периода,1
TJS_RUB,2019-12-13,5900,Рывок после спокойного периода,1
TJS_RUB,2019-12-26,5909,Необычное движение за 5 обновлений,3
TJS_RUB,2020-01-14,5916,Необычное движение за 5 обновлений,3
TJS_RUB,2020-01-22,5922,Рывок после спокойного периода,1
TJS_RUB,2020-01-28,5926,Необычное движение за 5 обновлений,3
TJS_RUB,2020-02-06,5933,Необычное движение за 5 обновлений,3
TJS_RUB,2020-02-12,5937,Смена направления,2
TJS_RUB,2020-02-22,5945,Необычное движение за 5 обновлений,3
TJS_RUB,2020-03-05,5952,Смена направления,2
TJS_RUB,2020-03-11,5955,Смена направления,2
TJS_RUB,2020-03-19,5961,Необычное движение за 5 обновлений,3
TJS_RUB,2020-03-25,5965,Смена направления,2
TJS_RUB,2020-04-10,5972,Необычное движение за 5 обновлений,3
TJS_RUB,2020-04-28,5984,Смена направления,2
TJS_RUB,2020-07-21,6039,Смена направления,2
TJS_RUB,2020-07-29,6045,Смена направления,2
TJS_RUB,2020-08-07,6052,Смена направления,2
TJS_RUB,2020-08-27,6066,Необычное движение за 5 обновлений,3
TJS_RUB,2020-09-01,6069,Смена направления,2
TJS_RUB,2020-09-08,6074,Необычное движение за 5 обновлений,3
TJS_RUB,2020-09-25,6087,Необычное движение за 5 обновлений,3
TJS_RUB,2020-10-02,6092,Смена направления,2
TJS_RUB,2020-10-07,6095,Смена направления,2
TJS_RUB,2020-10-27,6109,Необычное движение за 5 обновлений,3
TJS_RUB,2020-11-06,6116,Смена направления,2
TJS_RUB,2020-12-05,6137,Смена направления,2
TJS_RUB,2020-12-24,6150,Необычное движение за 5 обновлений,3
TJS_RUB,2021-01-27,6168,Смена направления,2
TJS_RUB,2021-02-10,6178,Необычное движение за 5 обновлений,3
TJS_RUB,2021-03-03,6192,Смена направления,2
TJS_RUB,2021-03-20,6204,Смена направления,2
TJS_RUB,2021-03-24,6206,Необычное движение за 5 обновлений,3
TJS_RUB,2021-04-08,6217,Необычное движение за 5 обновлений,3
TJS_RUB,2021-04-15,6222,Смена направления,2
TJS_RUB,2021-04-22,6227,Смена направления,2
TJS_RUB,2021-04-27,6230,Смена направления,2
TJS_RUB,2021-06-09,6259,Рывок после спокойного периода,1
TJS_RUB,2021-06-18,6265,Смена направления,2
TJS_RUB,2021-06-22,6267,Необычное движение за 5 обновлений,3
TJS_RUB,2021-07-02,6275,Смена направления,2
TJS_RUB,2021-07-08,6279,Необычное движение за 5 обновлений,3
TJS_RUB,2021-07-13,6282,Необычное движение за 5 обновлений,3
TJS_RUB,2021-07-23,6290,Рывок после спокойного периода,1
TJS_RUB,2021-08-03,6297,Необычное движение за 5 обновлений,3
TJS_RUB,2021-08-12,6304,Необычное движение за 5 обновлений,3
TJS_RUB,2021-08-17,6307,Смена направления,2
TJS_RUB,2021-09-22,6333,Смена направления,2
TJS_RUB,2021-10-09,6346,Необычное движение за 5 обновлений,3
TJS_RUB,2021-10-16,6351,Рывок после спокойного периода,1
TJS_RUB,2021-10-20,6353,Необычное движение за 5 обновлений,3
TJS_RUB,2021-10-26,6357,Рывок после спокойного периода,1
TJS_RUB,2021-11-02,6362,Необычное движение за 5 обновлений,3
TJS_RUB,2021-11-11,6367,Смена направления,2
TJS_RUB,2021-11-16,6370,Смена направления,2
TJS_RUB,2021-12-02,6382,Смена направления,2
TJS_RUB,2021-12-24,6398,Смена направления,2
TJS_RUB,2021-12-31,6403,Смена направления,2
TJS_RUB,2022-01-11,6404,Необычное движение за 5 обновлений,3
TJS_RUB,2022-01-19,6410,Смена направления,2
TJS_RUB,2022-01-26,6415,Необычное движение за 5 обновлений,3
TJS_RUB,2022-02-01,6419,Смена направления,2
TJS_RUB,2022-02-11,6427,Необычное движение за 5 обновлений,3
TJS_RUB,2022-02-15,6429,Смена направления,2
TJS_RUB,2022-02-23,6435,Смена направления,2
TJS_RUB,2022-03-10,6444,Смена направления,2
TJS_RUB,2022-03-15,6447,Смена направления,2
TJS_RUB,2022-03-23,6453,Необычное движение за 5 обновлений,3
TJS_RUB,2022-03-30,6458,Необычное движение за 5 обновлений,3
TJS_RUB,2022-04-09,6466,Смена направления,2
TJS_RUB,2022-05-27,6496,Смена направления,2
TJS_RUB,2022-07-05,6522,Смена направления,2
TJS_RUB,2022-07-13,6528,Смена направления,2
TJS_RUB,2022-07-26,6537,Смена направления,2
TJS_RUB,2022-09-24,6581,Смена направления,2
TJS_RUB,2022-10-01,6586,Необычное движение за 5 обновлений,3
TJS_RUB,2022-10-06,6589,Смена направления,2
TJS_RUB,2022-10-18,6597,Смена направления,2
TJS_RUB,2022-11-10,6613,Смена направления,2
TJS_RUB,2022-12-08,6633,Необычное движение за 5 обновлений,3
TJS_RUB,2022-12-17,6640,Необычное движение за 5 обновлений,3
TJS_RUB,2022-12-27,6646,Смена направления,2
TJS_RUB,2023-01-11,6652,Смена направления,2
TJS_RUB,2023-02-10,6674,Необычное движение за 5 обновлений,3
TJS_RUB,2023-02-14,6676,Необычное движение за 5 обновлений,3
TJS_RUB,2023-03-01,6685,Необычное движение за 5 обновлений,3
TJS_RUB,2023-04-05,6709,Необычное движение за 5 обновлений,3
TJS_RUB,2023-04-29,6727,Рывок после спокойного периода,1
TJS_RUB,2023-05-05,6730,Необычное движение за 5 обновлений,3
TJS_RUB,2023-05-16,6735,Смена направления,2
TJS_RUB,2023-06-15,6756,Необычное движение за 5 обновлений,3
TJS_RUB,2023-06-30,6767,Необычное движение за 5 обновлений,3
TJS_RUB,2023-07-12,6775,Смена направления,2
TJS_RUB,2023-08-02,6790,Смена направления,2
TJS_RUB,2023-08-15,6799,Необычное движение за 5 обновлений,3
TJS_RUB,2023-09-13,6820,Смена направления,2
TJS_RUB,2023-10-04,6835,Необычное движение за 5 обновлений,3
TJS_RUB,2023-10-13,6842,Смена направления,2
TJS_RUB,2023-10-17,6844,Необычное движение за 5 обновлений,3
TJS_RUB,2023-10-25,6850,Необычное движение за 5 обновлений,3
TJS_RUB,2023-11-01,6855,Рывок после спокойного периода,1
TJS_RUB,2023-11-16,6865,Необычное движение за 5 обновлений,3
TJS_RUB,2023-12-02,6877,Рывок после спокойного периода,1
TJS_RUB,2023-12-06,6879,Необычное движение за 5 обновлений,3
TJS_RUB,2023-12-12,6883,Смена направления,2
TJS_RUB,2023-12-29,6896,Рывок после спокойного периода,1
TJS_RUB,2024-01-27,6911,Смена направления,2
TJS_RUB,2024-04-12,6963,Необычное движение за 5 обновлений,3
TJS_RUB,2024-04-17,6966,Необычное движение за 5 обновлений,3
TJS_RUB,2024-04-23,6970,Смена направления,2
TJS_RUB,2024-05-28,6991,Необычное движение за 5 обновлений,3
TJS_RUB,2024-06-05,6997,Смена направления,2
TJS_RUB,2024-06-19,7006,Необычное движение за 5 обновлений,3
TJS_RUB,2024-06-27,7012,Необычное движение за 5 обновлений,3
TJS_RUB,2024-07-03,7016,Смена направления,2
TJS_RUB,2024-07-25,7032,Необычное движение за 5 обновлений,3
TJS_RUB,2024-07-31,7036,Смена направления,2
TJS_RUB,2024-08-06,7040,Необычное движение за 5 обновлений,3
TJS_RUB,2024-08-16,7048,Смена направления,2
TJS_RUB,2024-08-21,7051,Смена направления,2
TJS_RUB,2024-09-04,7061,Необычное движение за 5 обновлений,3
TJS_RUB,2024-09-11,7066,Необычное движение за 5 обновлений,3
TJS_RUB,2024-10-04,7083,Необычное движение за 5 обновлений,3
TJS_RUB,2024-10-08,7085,Необычное движение за 5 обновлений,3
TJS_RUB,2024-11-20,7116,Необычное движение за 5 обновлений,3
TJS_RUB,2024-12-03,7125,Смена направления,2
TJS_RUB,2024-12-12,7132,Смена направления,2
TJS_RUB,2024-12-25,7141,Смена направления,2
TJS_RUB,2025-01-10,7146,Смена направления,2
TJS_RUB,2025-01-14,7148,Необычное движение за 5 обновлений,3
TJS_RUB,2025-01-22,7154,Необычное движение за 5 обновлений,3
TJS_RUB,2025-02-07,7166,Смена направления,2
TJS_RUB,2025-02-13,7170,Необычное движение за 5 обновлений,3
TJS_RUB,2025-02-26,7179,Необычное движение за 5 обновлений,3
TJS_RUB,2025-03-04,7183,Смена направления,2
TJS_RUB,2025-03-15,7192,Необычное движение за 5 обновлений,3
TJS_RUB,2025-03-22,7197,Смена направления,2
TJS_RUB,2025-04-01,7203,Рывок после спокойного периода,1
TJS_RUB,2025-04-15,7213,Смена направления,2
TJS_RUB,2025-04-24,7220,Смена направления,2
TJS_RUB,2025-06-17,7252,Смена направления,2
TJS_RUB,2025-07-26,7281,Необычное движение за 5 обновлений,3
TJS_RUB,2025-08-02,7286,Смена направления,2
TJS_RUB,2025-08-27,7303,Необычное движение за 5 обновлений,3
TJS_RUB,2025-09-02,7307,Смена направления,2
TJS_RUB,2025-09-16,7317,Смена направления,2
TJS_RUB,2025-09-23,7322,Смена направления,2
TJS_RUB,2025-10-02,7329,Смена направления,2
TJS_RUB,2025-10-07,7332,Смена направления,2
TJS_RUB,2025-10-16,7339,Необычное движение за 5 обновлений,3
TJS_RUB,2025-10-21,7342,Смена направления,2
TJS_RUB,2025-10-28,7347,Смена направления,2
TJS_RUB,2025-11-07,7354,Необычное движение за 5 обновлений,3
TJS_RUB,2025-11-22,7365,Смена направления,2
TJS_RUB,2025-12-11,7378,Смена направления,2
TJS_RUB,2025-12-25,7388,Смена направления,2
TJS_RUB,2026-01-23,7401,Необычное движение за 5 обновлений,3
TJS_RUB,2026-02-05,7410,Смена направления,2
TJS_RUB,2026-03-18,7437,Необычное движение за 5 обновлений,3
TJS_RUB,2026-03-25,7442,Смена направления,2
TJS_RUB,2026-04-03,7449,Необычное движение за 5 обновлений,3
TJS_RUB,2026-04-07,7451,Необычное движение за 5 обновлений,3
TJS_RUB,2026-04-15,7457,Необычное движение за 5 обновлений,3
TJS_RUB,2026-05-13,7475,Смена направления,2
TJS_RUB,2026-05-20,7480,Необычное движение за 5 обновлений,3
TJS_RUB,2026-06-04,7491,Смена направления,2
TJS_RUB,2026-06-10,7495,Смена направления,2
TJS_RUB,2026-06-24,7504,Необычное движение за 5 обновлений,3
TJS_RUB,2026-07-15,7519,Смена направления,2
TJS_RUB,2026-07-30,7530,Смена направления,2
TJS_RUB,2026-08-08,7537,Необычное движение за 5 обновлений,3
TJS_RUB,2026-08-19,7544,Необычное движение за 5 обновлений,3
TJS_RUB,2026-08-28,7551,Смена направления,2
TJS_RUB,2026-09-03,7555,Необычное движение за 5 обновлений,3
UZS_RUB,2019-02-16,7583,Необычное движение за 5 обновлений,3
UZS_RUB,2019-02-21,7586,Смена направления,2
UZS_RUB,2019-03-19,7603,Необычное движение за 5 обновлений,3
UZS_RUB,2019-03-28,7610,Смена направления,2
UZS_RUB,2019-04-03,7614,Необычное движение за 5 обновлений,3
UZS_RUB,2019-04-10,7619,Рывок после спокойного периода,1
UZS_RUB,2019-04-18,7625,Необычное движение за 5 обновлений,3
UZS_RUB,2019-04-30,7633,Необычное движение за 5 обновлений,3
UZS_RUB,2019-05-07,7635,Необычное движение за 5 обновлений,3
UZS_RUB,2019-05-16,7640,Рывок после спокойного периода,1
UZS_RUB,2019-05-21,7643,Необычное движение за 5 обновлений,3
UZS_RUB,2019-05-30,7650,Рывок после спокойного периода,1
UZS_RUB,2019-06-21,7665,Необычное движение за 5 обновлений,3
UZS_RUB,2019-07-12,7680,Смена направления,2
UZS_RUB,2019-07-16,7682,Необычное движение за 5 обновлений,3
UZS_RUB,2019-08-03,7696,Необычное движение за 5 обновлений,3
UZS_RUB,2019-08-17,7706,Смена направления,2
UZS_RUB,2019-08-28,7713,Смена направления,2
UZS_RUB,2019-09-06,7720,Смена направления,2
UZS_RUB,2019-09-11,7723,Необычное движение за 5 обновлений,3
UZS_RUB,2019-11-06,7762,Рывок после спокойного периода,1
UZS_RUB,2019-12-06,7784,Смена направления,2
UZS_RUB,2019-12-12,7788,Необычное движение за 5 обновлений,3
UZS_RUB,2019-12-26,7798,Необычное движение за 5 обновлений,3
UZS_RUB,2020-01-10,7803,Необычное движение за 5 обновлений,3
UZS_RUB,2020-01-14,7805,Необычное движение за 5 обновлений,3
UZS_RUB,2020-01-29,7816,Необычное движение за 5 обновлений,3
UZS_RUB,2020-02-06,7822,Необычное движение за 5 обновлений,3
UZS_RUB,2020-02-12,7826,Смена направления,2
UZS_RUB,2020-02-22,7834,Необычное движение за 5 обновлений,3
UZS_RUB,2020-03-05,7841,Смена направления,2
UZS_RUB,2020-03-11,7844,Смена направления,2
UZS_RUB,2020-03-25,7854,Смена направления,2
UZS_RUB,2020-04-07,7858,Необычное движение за 5 обновлений,3
UZS_RUB,2020-04-23,7870,Смена направления,2
UZS_RUB,2020-04-28,7873,Смена направления,2
UZS_RUB,2020-07-21,7928,Смена направления,2
UZS_RUB,2020-07-29,7934,Смена направления,2
UZS_RUB,2020-08-07,7941,Смена направления,2
UZS_RUB,2020-08-27,7955,Необычное движение за 5 обновлений,3
UZS_RUB,2020-09-01,7958,Смена направления,2
UZS_RUB,2020-09-08,7963,Необычное движение за 5 обновлений,3
UZS_RUB,2020-09-25,7976,Необычное движение за 5 обновлений,3
UZS_RUB,2020-10-02,7981,Смена направления,2
UZS_RUB,2020-10-10,7987,Смена направления,2
UZS_RUB,2020-10-30,8001,Смена направления,2
UZS_RUB,2020-11-07,8006,Смена направления,2
UZS_RUB,2020-12-04,8025,Смена направления,2
UZS_RUB,2020-12-08,8027,Необычное движение за 5 обновлений,3
UZS_RUB,2020-12-23,8038,Смена направления,2
UZS_RUB,2021-01-12,8046,Рывок после спокойного периода,1
UZS_RUB,2021-01-26,8056,Смена направления,2
UZS_RUB,2021-02-11,8068,Необычное движение за 5 обновлений,3
UZS_RUB,2021-03-03,8081,Смена направления,2
UZS_RUB,2021-03-17,8090,Необычное движение за 5 обновлений,3
UZS_RUB,2021-03-24,8095,Необычное движение за 5 обновлений,3
UZS_RUB,2021-04-08,8106,Необычное движение за 5 обновлений,3
UZS_RUB,2021-04-15,8111,Смена направления,2
UZS_RUB,2021-04-22,8116,Смена направления,2
UZS_RUB,2021-04-27,8119,Смена направления,2
UZS_RUB,2021-06-12,8151,Необычное движение за 5 обновлений,3
UZS_RUB,2021-06-22,8156,Смена направления,2
UZS_RUB,2021-07-09,8169,Необычное движение за 5 обновлений,3
UZS_RUB,2021-07-14,8172,Смена направления,2
UZS_RUB,2021-07-24,8180,Смена направления,2
UZS_RUB,2021-07-29,8183,Необычное движение за 5 обновлений,3
UZS_RUB,2021-08-10,8191,Смена направления,2
UZS_RUB,2021-08-17,8196,Смена направления,2
UZS_RUB,2021-09-03,8209,Необычное движение за 5 обновлений,3
UZS_RUB,2021-09-17,8219,Рывок после спокойного периода,1
UZS_RUB,2021-09-22,8222,Смена направления,2
UZS_RUB,2021-10-09,8235,Необычное движение за 5 обновлений,3
UZS_RUB,2021-10-16,8240,Необычное движение за 5 обновлений,3
UZS_RUB,2021-10-20,8242,Необычное движение за 5 обновлений,3
UZS_RUB,2021-10-26,8246,Рывок после спокойного периода,1
UZS_RUB,2021-11-02,8251,Необычное движение за 5 обновлений,3
UZS_RUB,2021-11-11,8256,Рывок после спокойного периода,1
UZS_RUB,2021-11-16,8259,Смена направления,2
UZS_RUB,2021-11-23,8264,Необычное движение за 5 обновлений,3
UZS_RUB,2021-12-02,8271,Смена направления,2
UZS_RUB,2021-12-21,8284,Рывок после спокойного периода,1
UZS_RUB,2022-01-11,8293,Необычное движение за 5 обновлений,3
UZS_RUB,2022-01-19,8299,Смена направления,2
UZS_RUB,2022-01-26,8304,Необычное движение за 5 обновлений,3
UZS_RUB,2022-02-01,8308,Смена направления,2
UZS_RUB,2022-02-08,8313,Необычное движение за 5 обновлений,3
UZS_RUB,2022-02-15,8318,Смена направления,2
UZS_RUB,2022-02-23,8324,Смена направления,2
UZS_RUB,2022-03-16,8337,Смена направления,2
UZS_RUB,2022-03-30,8347,Необычное движение за 5 обновлений,3
UZS_RUB,2022-05-28,8386,Смена направления,2
UZS_RUB,2022-07-05,8411,Смена направления,2
UZS_RUB,2022-07-13,8417,Смена направления,2
UZS_RUB,2022-07-19,8421,Необычное движение за 5 обновлений,3
UZS_RUB,2022-07-26,8426,Смена направления,2
UZS_RUB,2022-09-27,8471,Смена направления,2
UZS_RUB,2022-10-06,8478,Смена направления,2
UZS_RUB,2022-10-18,8486,Смена направления,2
UZS_RUB,2022-11-10,8502,Смена направления,2
UZS_RUB,2022-12-17,8529,Необычное движение за 5 обновлений,3
UZS_RUB,2022-12-27,8535,Смена направления,2
UZS_RUB,2023-01-10,8540,Смена направления,2
UZS_RUB,2023-02-10,8563,Необычное движение за 5 обновлений,3
UZS_RUB,2023-02-14,8565,Необычное движение за 5 обновлений,3
UZS_RUB,2023-03-21,8587,Смена направления,2
UZS_RUB,2023-04-05,8598,Необычное движение за 5 обновлений,3
UZS_RUB,2023-05-04,8618,Смена направления,2
UZS_RUB,2023-05-16,8624,Смена направления,2
UZS_RUB,2023-05-23,8629,Смена направления,2
UZS_RUB,2023-06-15,8645,Необычное движение за 5 обновлений,3
UZS_RUB,2023-06-28,8654,Смена направления,2
UZS_RUB,2023-07-12,8664,Смена направления,2
UZS_RUB,2023-08-02,8679,Смена направления,2
UZS_RUB,2023-08-16,8689,Смена направления,2
UZS_RUB,2023-09-13,8709,Смена направления,2
UZS_RUB,2023-10-04,8724,Необычное движение за 5 обновлений,3
UZS_RUB,2023-10-13,8731,Смена направления,2
UZS_RUB,2023-10-21,8737,Рывок после спокойного периода,1
UZS_RUB,2023-10-25,8739,Необычное движение за 5 обновлений,3
UZS_RUB,2023-11-10,8750,Смена направления,2
UZS_RUB,2023-11-16,8754,Необычное движение за 5 обновлений,3
UZS_RUB,2023-12-02,8766,Рывок после спокойного периода,1
UZS_RUB,2023-12-06,8768,Необычное движение за 5 обновлений,3
UZS_RUB,2023-12-12,8772,Смена направления,2
UZS_RUB,2024-01-12,8789,Необычное движение за 5 обновлений,3
UZS_RUB,2024-01-27,8800,Смена направления,2
UZS_RUB,2024-04-12,8852,Необычное движение за 5 обновлений,3
UZS_RUB,2024-04-17,8855,Необычное движение за 5 обновлений,3
UZS_RUB,2024-04-25,8861,Необычное движение за 5 обновлений,3
UZS_RUB,2024-05-04,8866,Рывок после спокойного периода,1
UZS_RUB,2024-05-25,8879,Необычное движение за 5 обновлений,3
UZS_RUB,2024-05-31,8883,Смена направления,2
UZS_RUB,2024-06-05,8886,Смена направления,2
UZS_RUB,2024-06-19,8895,Необычное движение за 5 обновлений,3
UZS_RUB,2024-06-25,8899,Смена направления,2
UZS_RUB,2024-07-03,8905,Смена направления,2
UZS_RUB,2024-07-26,8922,Необычное движение за 5 обновлений,3
UZS_RUB,2024-07-31,8925,Смена направления,2
UZS_RUB,2024-08-06,8929,Смена направления,2
UZS_RUB,2024-08-17,8938,Смена направления,2
UZS_RUB,2024-08-21,8940,Смена направления,2
UZS_RUB,2024-09-04,8950,Необычное движение за 5 обновлений,3
UZS_RUB,2024-09-20,8962,Смена направления,2
UZS_RUB,2024-10-03,8971,Необычное движение за 5 обновлений,3
UZS_RUB,2024-10-08,8974,Необычное движение за 5 обновлений,3
UZS_RUB,2024-11-15,9002,Смена направления,2
UZS_RUB,2024-11-23,9008,Рывок после спокойного периода,1
UZS_RUB,2024-12-04,9015,Смена направления,2
UZS_RUB,2024-12-12,9021,Смена направления,2
UZS_RUB,2024-12-25,9030,Смена направления,2
UZS_RUB,2025-01-10,9035,Смена направления,2
UZS_RUB,2025-01-22,9043,Необычное движение за 5 обновлений,3
UZS_RUB,2025-02-07,9055,Смена направления,2
UZS_RUB,2025-02-13,9059,Необычное движение за 5 обновлений,3
UZS_RUB,2025-03-04,9072,Смена направления,2
UZS_RUB,2025-03-15,9081,Необычное движение за 5 обновлений,3
UZS_RUB,2025-03-22,9086,Смена направления,2
UZS_RUB,2025-04-15,9102,Смена направления,2
UZS_RUB,2025-04-24,9109,Смена направления,2
UZS_RUB,2025-07-02,9152,Необычное движение за 5 обновлений,3
UZS_RUB,2025-07-09,9157,Смена направления,2
UZS_RUB,2025-07-18,9164,Смена направления,2
UZS_RUB,2025-07-22,9166,Смена направления,2
UZS_RUB,2025-07-30,9172,Смена направления,2
UZS_RUB,2025-08-06,9177,Необычное движение за 5 обновлений,3
UZS_RUB,2025-08-12,9181,Смена направления,2
UZS_RUB,2025-08-19,9186,Необычное движение за 5 обновлений,3
UZS_RUB,2025-08-30,9195,Смена направления,2
UZS_RUB,2025-09-05,9199,Смена направления,2
UZS_RUB,2025-09-16,9206,Смена направления,2
UZS_RUB,2025-09-25,9213,Необычное движение за 5 обновлений,3
UZS_RUB,2025-10-02,9218,Необычное движение за 5 обновлений,3
UZS_RUB,2025-10-07,9221,Смена направления,2
UZS_RUB,2025-10-14,9226,Необычное движение за 5 обновлений,3
UZS_RUB,2025-10-21,9231,Смена направления,2
UZS_RUB,2025-10-28,9236,Смена направления,2
UZS_RUB,2025-11-26,9256,Смена направления,2
UZS_RUB,2025-12-06,9264,Необычное движение за 5 обновлений,3
UZS_RUB,2025-12-11,9267,Смена направления,2
UZS_RUB,2025-12-20,9274,Смена направления,2
UZS_RUB,2025-12-24,9276,Смена направления,2
UZS_RUB,2026-01-23,9290,Необычное движение за 5 обновлений,3
UZS_RUB,2026-01-31,9296,Смена направления,2
UZS_RUB,2026-03-07,9320,Необычное движение за 5 обновлений,3
UZS_RUB,2026-03-14,9324,Необычное движение за 5 обновлений,3
UZS_RUB,2026-03-24,9330,Смена направления,2
UZS_RUB,2026-04-07,9340,Необычное движение за 5 обновлений,3
UZS_RUB,2026-04-16,9347,Необычное движение за 5 обновлений,3
UZS_RUB,2026-05-08,9362,Смена направления,2
UZS_RUB,2026-05-13,9364,Необычное движение за 5 обновлений,3
UZS_RUB,2026-05-21,9370,Необычное движение за 5 обновлений,3
UZS_RUB,2026-06-04,9380,Смена направления,2
UZS_RUB,2026-06-10,9384,Смена направления,2
UZS_RUB,2026-06-24,9393,Необычное движение за 5 обновлений,3
UZS_RUB,2026-07-08,9403,Смена направления,2
UZS_RUB,2026-08-05,9423,Необычное движение за 5 обновлений,3
UZS_RUB,2026-08-19,9433,Необычное движение за 5 обновлений,3
UZS_RUB,2026-08-28,9440,Смена направления,2
