date,corridor,target_source_quote_date,rate,dist_min_10,favourability_percentile_20,ret_5,good,future_regret_bps,centered_benefit_bps
2019-02-07,AMD_RUB,2019-02-07,0.134567,0.004343769824980415,0.95,-0.009356733756386237,True,43.39845578782326,49.21679899601559
2019-02-07,KGS_RUB,2019-02-07,0.941081,0.005045084300111968,0.8,-0.005866047490371229,True,1.3920162026434733,36.6260237404428
2019-02-07,TJS_RUB,2019-02-07,6.963800000000001,0.0047570060151527205,0.8,-0.006506967062848257,True,14.647175392746913,36.650650388087314
2019-02-07,UZS_RUB,2019-02-07,0.00783563,0.004949314098683599,0.8,-0.0063091442644490625,True,24.286496427217394,31.027435598260695
2019-02-12,AMD_RUB,2019-02-12,0.133983,0.0,1.0,-0.004924022993627708,True,0.0,93.04703512485308
2019-02-12,TJS_RUB,2019-02-12,6.9536,0.003285320805733072,0.85,0.0006850064183374638,True,10.224919466175722,56.811275887166204
2019-02-12,UZS_RUB,2019-02-12,0.0078166,0.00250864430604425,0.9,-0.0006737519288865235,True,5.884911598392613,56.73253387933192
2019-02-14,KGS_RUB,2019-02-14,0.94095,0.004905180395938791,0.8,-0.0001392016202643731,True,23.455018863913693,44.852185581150096
2019-02-22,AMD_RUB,2019-02-22,0.134372,0.0029033534105074033,0.85,-0.01476691155983767,True,62.3641830143168,36.97369331606638
2019-02-22,KGS_RUB,2019-02-22,0.939913,0.0,0.85,-0.014221692696070098,True,35.875660832439195,53.423702698241954
2019-02-22,TJS_RUB,2019-02-22,6.94649,0.0,0.95,-0.015591276707607626,True,46.59907377682863,54.18249375694465
2019-02-22,UZS_RUB,2019-02-22,0.007812,0.0,0.9,-0.014719922913059014,True,42.93394777265784,48.49638283480091
2019-03-06,AMD_RUB,2019-03-06,0.134177,0.0048152530441682995,0.85,-0.0004916457468918667,True,7.676427405590525,15.258557424940483
2019-03-07,KZT_RUB,2019-03-07,0.174174,0.004087279854725567,0.8,-0.0025312686122691552,True,96.97199352371744,-12.937566795732408
2019-03-13,KZT_RUB,2019-03-13,0.173997,0.003066901103969233,0.8,-0.0029396596183598467,False,318.22387742317477,-67.93909535775786
2019-03-14,AMD_RUB,2019-03-14,0.134074,0.0,0.9,-0.0007676427405590713,False,228.30675597058402,-28.06593642994373
2019-03-14,KGS_RUB,2019-03-14,0.939132,0.0,0.9,-0.005211577328367523,False,290.7791449977213,-41.15485307729819
2019-03-14,TJS_RUB,2019-03-14,6.955360000000001,0.0,0.8,-0.0032116277836613527,False,291.70308941593373,-54.69130277562136
2019-03-18,UZS_RUB,2019-03-16,0.00781457,0.0,0.8,-0.006015116015802846,False,264.03244196417745,-75.75204064929889
2019-03-19,AMD_RUB,2019-03-19,0.133037,0.0,1.0,-0.01605674220460329,False,152.138126987229,12.24437848964801
2019-03-27,AMD_RUB,2019-03-27,0.132034,0.007793119766740908,0.85,0.000265153523890449,True,0.0,64.17919433072917
2019-03-27,KGS_RUB,2019-03-27,0.919976,0.00894032181649096,0.8,0.0006177888380349827,True,0.0,66.40258650476362
2019-03-27,KZT_RUB,2019-03-27,0.169587,0.006690015433930885,0.9,-0.007711886720692895,True,0.0,65.14667975942092
2019-03-27,TJS_RUB,2019-03-27,6.8047,0.0077349473600032415,0.9,-0.0015128371051544853,True,0.0,71.6294334329701
2019-03-27,UZS_RUB,2019-03-27,0.00766419,0.007353868963124288,0.9,-0.001945532892397961,True,0.0,60.48267195347957
2019-04-10,UZS_RUB,2019-04-10,0.0076669,0.0,0.85,-0.014056976341945582,False,133.60028173055565,23.347135808723777
2019-04-16,KGS_RUB,2019-04-16,0.917813,0.0,0.9,-0.016877167086739142,True,45.78274659435026,52.88096356531843
2019-04-16,KZT_RUB,2019-04-16,0.169213,0.0,0.9,-0.014289375881071487,True,36.46291951564043,40.28760201880954
2019-04-16,TJS_RUB,2019-04-16,6.81303,0.0,0.8,-0.01687736923141292,True,81.3294525343352,29.580877406676862
2019-04-18,AMD_RUB,2019-04-18,0.132227,0.0,0.85,-0.008153682283930985,True,0.0,62.50020130762316
2019-04-22,AMD_RUB,2019-04-20,0.132587,0.0027225906963026514,0.8,-0.00206230571800603,True,20.967364824605763,44.544003203680276
2019-05-28,KGS_RUB,2019-05-28,0.922886,2.817328738924374e-05,0.8,-0.00039101128950325137,True,8.98269125330722,53.10949936833112
2019-05-28,TJS_RUB,2019-05-28,6.832389999999999,0.0007455363027843998,0.8,-0.0009212290658007216,True,0.0,60.87876871990616
2019-05-28,UZS_RUB,2019-05-28,0.00762123,0.0007432142308454459,0.8,-0.0007185273859895425,True,17.72679738047476,41.958016721982254
2019-05-29,KZT_RUB,2019-05-29,0.169564,0.0,0.8,-0.004298398083337318,True,10.438536481799364,36.62351812415229
2019-06-05,KZT_RUB,2019-06-05,0.169614,0.00029487391191529433,0.9,0.00029487391191529433,False,110.42720530144834,0.07299434013201744
2019-06-11,UZS_RUB,2019-06-11,0.00761312,0.0007098053030343277,0.95,-0.014788932888164186,False,242.72571560674177,-1.0772039987907294
2019-06-12,KGS_RUB,2019-06-12,0.922887,0.0,0.85,-0.010707746795930007,False,192.92719477032355,24.770503799187562
2019-06-17,KGS_RUB,2019-06-15,0.920992,0.0,1.0,-0.01171996557622268,False,239.1877453875829,-35.565572932202876
2019-06-17,TJS_RUB,2019-06-15,6.8291,0.0,0.95,-0.011699088559379733,False,291.23896267443797,-52.33468431207915
2019-06-20,AMD_RUB,2019-06-20,0.134058,0.0,1.0,-0.004684866618654748,False,238.8518402482515,-41.75477044507021
2019-07-01,AMD_RUB,2019-06-29,0.132145,0.00985052271198894,0.85,-0.0010054582016661984,True,0.0,37.497890855827215
2019-07-02,KGS_RUB,2019-07-02,0.905397,0.007157135499458844,0.8,0.0038462050185825714,True,32.00805834346653,27.06748476168999
2019-07-12,AMD_RUB,2019-07-12,0.132064,0.0,0.85,-0.007455507455507604,True,24.30639689847256,42.035136879003666
2019-07-12,KGS_RUB,2019-07-12,0.902499,0.0,0.9,-0.009264077247847835,True,4.8421106283776565,54.77188604605615
2019-07-12,KZT_RUB,2019-07-12,0.164339,0.0,1.0,-0.006925098951566455,True,62.67532356896434,20.894387344233092
2019-07-12,TJS_RUB,2019-07-12,6.67667,0.0,0.85,-0.005922771702313034,True,23.51471616838774,37.33103493114298
2019-07-12,UZS_RUB,2019-07-12,0.00734555,0.0,0.9,-0.006837368782550812,True,35.91289964672533,38.610450006441766
2019-07-16,KGS_RUB,2019-07-16,0.902701,0.00022382296268474988,0.8,-0.014192467595722125,True,7.0787558671137525,44.179766620628854
2019-07-16,TJS_RUB,2019-07-16,6.66257,0.0,0.9,-0.01631170595226672,True,2.4014757068202446,53.896244131923694
2019-07-24,UZS_RUB,2019-07-24,0.00731972,7.51451325764485e-05,0.9,7.51451325764485e-05,True,6.380025465454992,27.63525050491471
2019-07-29,KZT_RUB,2019-07-27,0.163913,0.003698510186211479,0.8,0.003698510186211479,True,0.0,75.60269231157571
2019-07-31,UZS_RUB,2019-07-31,0.00731505,0.0,1.0,-0.0006380025465454464,True,0.0,100.0435591239242
2019-08-19,UZS_RUB,2019-08-17,0.00732172,0.0,0.85,-0.023570173075538214,False,480.29697939828367,-55.478526571010306
2019-08-26,TJS_RUB,2019-08-24,6.76685,0.0,0.8,-0.03310409471703346,True,0.0,163.95978698247507
2019-09-06,TJS_RUB,2019-09-06,6.81835,0.007610631239055143,0.85,-0.010657593081633387,False,239.45676006658474,-23.573208027714365
2019-09-06,UZS_RUB,2019-09-06,0.00702689,0.0051179283404210185,0.9,-0.010403111779584195,False,239.45159238297447,-18.595867399448377
2019-09-10,AMD_RUB,2019-09-10,0.137535,0.0,0.9,-0.01632836973780205,False,266.7684589377233,-9.33967299015148
2019-09-10,KGS_RUB,2019-09-10,0.936718,0.0,0.95,-0.02072977072741855,False,265.8324063378739,1.2859867900169897
2019-09-10,KZT_RUB,2019-09-10,0.16953,0.0,0.85,-0.01199384572347717,False,234.2358284669365,-24.627018649628965
2019-09-20,KGS_RUB,2019-09-20,0.917967,0.0067447744448720925,0.95,-0.01431548836624974,True,82.24696530485242,29.005268813779452
2019-10-14,KZT_RUB,2019-10-12,0.164835,0.0,0.95,-0.01404449016945497,True,99.00809900810036,26.54758382124323
2019-10-14,UZS_RUB,2019-10-12,0.00680336,0.0,0.8,-0.013967213209792328,True,91.88107052985583,37.389453425310066
2019-10-16,AMD_RUB,2019-10-16,0.134565,0.0,0.8,-0.01110408889150194,True,71.71255527068656,22.868001110037437
2019-10-18,KGS_RUB,2019-10-18,0.914635,0.0,0.85,-0.011161575810387236,True,52.38155111055219,31.288244214904385
2019-10-18,TJS_RUB,2019-10-18,6.606229999999999,0.0,0.85,-0.011232877532448837,True,59.489300251426485,27.492700373919476
2019-10-18,UZS_RUB,2019-10-18,0.00678119,0.0,0.95,-0.012803640630413726,True,59.48808394986822,31.62886926722492
2019-10-28,AMD_RUB,2019-10-26,0.134094,0.00369760479041914,0.8,-0.0017494360860277336,False,106.56703506495339,-4.99899274026961
2019-10-29,KGS_RUB,2019-10-29,0.912689,0.003126909668031086,0.8,0.0013286113323633941,True,95.11454613784038,-0.2593137462555317
2019-10-29,TJS_RUB,2019-10-29,6.591330000000001,0.003715587039910595,0.8,0.0017157950407600264,True,97.38550489810228,-3.9981899734326607
2019-11-01,AMD_RUB,2019-11-01,0.13391,0.0023203592814371454,0.85,-0.003119207319342787,True,92.97289224105712,-3.596458182367212
2019-11-06,AMD_RUB,2019-11-06,0.132665,0.0,1.0,-0.011916731836293826,True,0.0,89.5262122162867
2019-11-06,KGS_RUB,2019-11-06,0.904008,0.0,1.0,-0.009511454613783998,True,0.0,97.46276331549208
2019-11-06,KZT_RUB,2019-11-06,0.162853,0.0,1.0,-0.010884023201433446,True,0.0,85.80059196813552
2019-11-06,TJS_RUB,2019-11-06,6.52714,0.0,1.0,-0.009738550489810205,True,0.0,94.8365437749944
2019-11-06,UZS_RUB,2019-11-06,0.00667878,0.0,1.0,-0.011985561703009018,True,0.0,95.04574957258362
2019-11-13,AMD_RUB,2019-11-13,0.133584,0.00692722270380286,0.8,0.00692722270380286,True,11.977482333215148,8.797129642621753
2019-11-13,UZS_RUB,2019-11-13,0.00672491,0.0069069500717195975,0.8,0.0069069500717195975,True,38.12690430057729,7.88342381723862
2019-11-19,AMD_RUB,2019-11-19,0.133447,0.005894546413899748,0.8,-0.001944550397510847,True,1.7235306900884246,19.907570467991665
2019-11-19,KGS_RUB,2019-11-19,0.910774,0.00748444704029172,0.85,-0.0028815225649930776,True,6.917193507939615,21.157932043663617
2019-11-19,TJS_RUB,2019-11-19,6.57626,0.007525501214927344,0.8,-0.0029443514542851768,True,7.32939391082544,20.784873953221503
2019-11-19,UZS_RUB,2019-11-19,0.00671097,0.004819742527826909,0.95,-0.0045700097007022045,True,17.434141413238184,22.393448284480844
2019-11-25,AMD_RUB,2019-11-23,0.133424,0.0,0.8,-0.001743268216404803,True,0.0,34.25885352348503
2019-11-25,KGS_RUB,2019-11-23,0.910144,0.0,0.9,-0.0027862783188541407,True,0.0,40.94031788394951
2019-11-25,TJS_RUB,2019-11-23,6.57144,0.0,0.9,-0.002487920908705865,True,0.0,41.76102923560612
2019-12-06,AMD_RUB,2019-12-06,0.133431,5.2464324259648976e-05,0.85,-0.004996234181698922,False,192.15924335424174,-12.08431579440271
2019-12-06,TJS_RUB,2019-12-06,6.5821,0.0016221710918762344,0.8,-0.004559718703920912,False,183.13304264596286,-11.717171512317998
2019-12-06,UZS_RUB,2019-12-06,0.00669958,4.627369847765017e-05,0.95,-0.007646048109965609,False,197.31087620417983,-7.473711307610354
2019-12-09,KGS_RUB,2019-12-07,0.910264,0.0,0.95,-0.005668232011911023,False,184.49592645650029,-32.57831604540753
2019-12-10,TJS_RUB,2019-12-10,6.582420000000001,4.86167028761475e-05,0.8,-0.009720130644814029,False,187.02847888770464,-50.81144751766884
2019-12-11,KZT_RUB,2019-12-11,0.164573,0.0,0.85,-0.00631570049330088,False,123.6533331712984,-11.497469340079748
2019-12-31,KZT_RUB,2019-12-31,0.162174,0.0,1.0,-0.003441198520284461,True,31.386042152256795,9.885527353284775
2020-04-07,KGS_RUB,2020-04-07,0.899985,0.0,1.0,-0.1888373141054528,False,235.88170913959735,492.47439137994184
2020-04-08,KZT_RUB,2020-04-08,0.172656,0.0,0.9,-0.018743535242165543,True,73.55666759336445,39.61598781604589
2020-04-10,AMD_RUB,2020-04-10,0.14921,0.0,0.8,-0.06272770672629957,True,0.0,259.91707869317963
2020-04-10,TJS_RUB,2020-04-10,7.289199999999999,0.0,0.85,-0.05507973072650196,False,172.89963233276643,127.69937960656522
2020-04-13,UZS_RUB,2020-04-11,0.00761188,0.0,0.8,-0.06651950504641724,False,419.8174432597466,88.57562168580836
2020-04-20,TJS_RUB,2020-04-18,7.21758,0.00759579906661445,0.8,0.0011429617690383864,True,34.443677797821884,68.12320128327963
2020-04-28,UZS_RUB,2020-04-28,0.00734892,0.007761590275797037,0.95,-0.004634884344601353,False,220.19562058098336,-45.63020190811038
2020-04-30,KZT_RUB,2020-04-30,0.171546,0.0,0.95,-0.025555965804197833,True,14.456763783474882,99.48156796010612
2020-04-30,TJS_RUB,2020-04-30,7.19272,0.0,0.9,-0.04351110118192758,False,133.10680799474923,52.75007685310899
2020-05-01,KGS_RUB,2020-05-01,0.909415,0.0,0.8,-0.026425464538555432,True,0.0,204.81113129195717
2020-05-13,AMD_RUB,2020-05-13,0.150569,0.0,0.85,-0.019994662882954373,False,259.74802250131154,28.52103426277035
2020-05-13,TJS_RUB,2020-05-13,7.15369,0.007990722814492868,0.95,-0.005426319945722846,False,325.13290343864503,-34.73641193297935
2020-05-13,UZS_RUB,2020-05-13,0.0072569,0.009711844833103722,0.95,-0.0017126703212804184,False,351.67909162314555,-58.22680595268994
2020-05-18,AMD_RUB,2020-05-16,0.150104,0.0,0.95,-0.020796910471518548,False,229.57416191440447,-4.5322455943896625
2020-05-18,TJS_RUB,2020-05-16,7.131570000000001,0.004873904111326377,0.95,-0.013739607131595943,False,295.12435550657256,-52.67413549790803
2020-05-18,UZS_RUB,2020-05-16,0.00721593,0.004011353675335005,0.95,-0.013818429310212932,False,296.89866725425566,-52.19915880606805
2020-05-22,KZT_RUB,2020-05-22,0.171748,0.0,0.9,-0.017178826895564936,True,6.11360830985058,87.61095656389548
2020-05-26,AMD_RUB,2020-05-26,0.14811,0.009900585034570142,0.95,-0.012461744644250206,False,480.25116467490255,-61.65465049586692
2020-05-26,TJS_RUB,2020-05-26,6.97139,0.007266186010894238,0.95,-0.019914129542361603,False,456.9390035559624,-29.566833354330793
2020-05-26,UZS_RUB,2020-05-26,0.00706495,0.009034961559280852,0.95,-0.017893509154576104,False,468.7223547229641,-48.5502189273986
2020-05-27,KZT_RUB,2020-05-27,0.172106,0.0020844493094533956,0.85,-0.01275175099954684,True,88.72439078242482,22.408148538116258
2020-06-04,KGS_RUB,2020-06-04,0.929192,0.0,0.95,-0.031114707329890967,False,100.0869572704024,125.19119664237755
2020-06-08,AMD_RUB,2020-06-06,0.141801,0.00570224898402083,0.95,-0.03016852241950041,True,15.585221542866337,121.27871113752062
2020-06-08,KGS_RUB,2020-06-06,0.928371,0.0,1.0,-0.03241268617049009,True,91.33202135783974,88.877227954912
2020-06-08,KZT_RUB,2020-06-06,0.171363,0.004596110892900018,0.9,-0.0016312928578503527,True,0.0,32.048148118396604
2020-06-18,KGS_RUB,2020-06-18,0.927666,0.0084509920729825,0.85,0.0026252733083522717,False,108.50888142930775,-8.482633104668233
2020-06-23,KGS_RUB,2020-06-23,0.927205,0.00794984628630302,0.85,-0.01465365347706793,False,103.59089953138707,-3.869239336624633
2020-06-24,KZT_RUB,2020-06-24,0.171556,0.0,0.8,-0.005737600408007193,True,17.428711324581695,49.20878156891437
2020-06-24,UZS_RUB,2020-06-24,0.0067667,0.0006329095205561686,0.8,-0.01389095339273283,True,0.0,113.42097534900468
2020-06-29,KGS_RUB,2020-06-27,0.919878,0.0024825632083695925,0.9,-0.00973281846964058,False,275.83005572478066,-1.4558915093660307
2020-07-06,KGS_RUB,2020-07-04,0.894505,0.0,1.0,-0.02758300557247806,True,0.0,229.1823762888853
2020-07-16,KZT_RUB,2020-07-16,0.171488,0.0,0.95,-0.011687682980243919,True,0.0,74.15071754179918
2020-07-23,KGS_RUB,2020-07-23,0.912609,0.004973058926783791,0.8,-0.0005519579723428647,True,0.0,176.54629604048108
2020-07-23,KZT_RUB,2020-07-23,0.171553,0.0003790352677739417,0.9,0.0003790352677739417,True,0.0,68.84739942904278
2020-08-18,KGS_RUB,2020-08-18,0.933391,0.0,0.8,-0.024829782365902386,True,0.0,170.26752822626375
2020-09-01,KGS_RUB,2020-09-01,0.940231,0.0,0.95,-0.014517620078777216,True,29.673558944557985,153.06034920418838
2020-09-14,KZT_RUB,2020-09-12,0.175287,0.0,0.85,-0.018582802369461193,True,12.836091666809459,137.06723384142703
2020-10-21,KGS_RUB,2020-10-21,0.950549,0.0,1.0,-0.020444399559763737,True,40.2819844111137,116.99864356789517
2020-10-22,AMD_RUB,2020-10-22,0.156157,0.0,1.0,-0.00881018121806465,True,93.68776295651122,78.05524500808639
2020-10-22,TJS_RUB,2020-10-22,7.464360000000001,0.00010718745478044411,0.8,-0.001705204283473094,True,90.724455948,52.08656597637631
2020-10-22,UZS_RUB,2020-10-22,0.00743411,0.0,1.0,-0.00421134410726598,True,75.36880675696142,64.19539401055133
2020-10-23,KZT_RUB,2020-10-23,0.179869,0.0,0.95,-0.01075215593101031,False,112.58193463020304,43.91774082207058
2020-11-06,KGS_RUB,2020-11-06,0.935007,0.0,1.0,-0.021884516286285405,False,278.960478370751,71.36930492874404
2020-11-06,TJS_RUB,2020-11-06,6.926139999999999,0.0,1.0,-0.07832483668741275,False,284.4297112099959,377.903403633921
2020-11-09,KZT_RUB,2020-11-07,0.178491,0.0036380198376104733,0.9,-0.020765213193179477,True,55.12883002504398,112.56965865872286
2020-11-10,AMD_RUB,2020-11-10,0.15541,0.0042909025112118915,0.85,-0.03392843822264224,False,159.96396628273524,119.2282994413248
2020-11-10,UZS_RUB,2020-11-10,0.00742703,0.006634517381215677,0.85,-0.03001115345535088,False,133.16224655077448,97.00410297697618
2020-11-17,AMD_RUB,2020-11-17,0.154846,0.004020074436217103,0.8,-0.0036291100958752986,False,395.94177440812143,-58.85721055736281
2020-11-17,KGS_RUB,2020-11-17,0.906781,0.0,1.0,-0.012003730668404211,False,190.83990511490543,-8.4898504423997
2020-11-17,TJS_RUB,2020-11-17,6.79203,0.00934591938940188,0.9,-0.00041207800636666736,False,193.0056257113122,-59.10594300739442
2020-11-18,KZT_RUB,2020-11-18,0.177874,0.0,0.9,-0.0010838616925089584,True,21.082339183917504,34.546300018967735
2020-11-18,UZS_RUB,2020-11-18,0.00733842,0.0,1.0,-0.004769725466156949,False,127.80680309930453,34.630229041397236
2020-12-03,AMD_RUB,2020-12-03,0.148338,0.0,1.0,-0.0025350502639277517,False,418.4362739149773,-55.50528857746699
2020-12-03,KGS_RUB,2020-12-03,0.891404,0.0021675683211237473,0.9,0.001771128802420252,False,330.06358508599857,-92.21476307441469
2020-12-03,KZT_RUB,2020-12-03,0.177755,0.0014422616465445959,0.9,-0.003766246139877971,False,184.69241371550777,-33.57736865999075
2020-12-03,TJS_RUB,2020-12-03,6.67536,0.0021648596144090426,0.9,0.0018865970561883216,False,330.0496153016494,-90.99727869100786
2020-12-03,UZS_RUB,2020-12-03,0.00725159,0.0009607115891356877,0.9,0.0006830751907089816,False,344.57270750276734,-79.07142764009274
2021-01-14,AMD_RUB,2021-01-14,0.140385,0.0,0.85,-0.004622900373660754,True,31.841008654771013,61.99946940427828
2021-01-14,TJS_RUB,2021-01-14,6.452509999999999,0.0,0.95,-0.007683234217151447,True,23.308758917071117,66.64451804836436
2021-01-18,KGS_RUB,2021-01-16,0.870079,0.0,0.8,-0.026262777741716592,True,61.06342067789261,129.06680502365887
2021-01-20,TJS_RUB,2021-01-20,6.469880000000001,0.002691975680781722,0.8,-0.007298866888123201,True,50.09366479749313,80.97656338119198
2021-01-21,UZS_RUB,2021-01-21,0.00698565,0.0,0.95,-0.004954112497382646,True,0.0,153.89000767023603
2021-02-10,KGS_RUB,2021-02-10,0.873818,0.0,0.8,-0.0234979242215132,True,75.97691967892571,89.87398006350494
2021-02-11,AMD_RUB,2021-02-11,0.140927,0.0,0.8,-0.03483251491305572,True,86.7115598856146,119.33057092176462
2021-02-11,UZS_RUB,2021-02-11,0.00701299,0.0,0.9,-0.028391835875155147,True,85.0421860005512,103.3986087632459
2021-02-12,TJS_RUB,2021-02-12,6.47283,0.0,0.8,-0.026032826550142607,True,63.51163246987756,86.52321614285411
2021-02-16,AMD_RUB,2021-02-16,0.13989,0.0,1.0,-0.01431077853171836,True,38.2443348345114,99.91113243962593
2021-02-16,KGS_RUB,2021-02-16,0.867179,0.0,0.9,-0.009423951000023911,True,0.0,90.489486561824
2021-02-16,KZT_RUB,2021-02-16,0.175806,0.0,0.85,-0.008661230842101797,True,0.0,74.34176672730075
2021-02-16,TJS_RUB,2021-02-16,6.433450000000001,0.0,1.0,-0.012806682921814083,True,2.6890704054593275,95.9647689579287
2021-02-16,UZS_RUB,2021-02-16,0.00695335,0.0,1.0,-0.013047051425992273,True,0.0,118.4430541963735
2021-02-25,AMD_RUB,2021-02-25,0.139949,0.0017465373465517242,0.9,0.0017465373465517242,True,42.44403318351567,55.24059860844601
2021-02-25,TJS_RUB,2021-02-25,6.47242,0.006328011791558064,0.9,0.006328011791558064,True,37.76021951603919,28.88027319177518
2021-02-25,UZS_RUB,2021-02-25,0.00699582,0.006107847296626723,0.9,0.006100612649926562,True,48.643332732974834,46.43638877350381
2021-03-02,AMD_RUB,2021-03-02,0.140236,0.0063219834236303285,0.8,-0.006883462693331843,True,59.47117715850434,43.67325991573766
2021-03-04,KGS_RUB,2021-03-04,0.866572,0.0,1.0,-0.005115794210978297,True,1.2578297013984499,78.72465191600887
2021-03-04,KZT_RUB,2021-03-04,0.175216,0.0,1.0,-0.012689611648297072,True,0.0,91.4742271789042
2021-03-04,TJS_RUB,2021-03-04,6.45184,0.0005986370925468165,0.85,-0.0031796453258595703,True,2.6039083424282623,71.06998503940248
2021-03-04,UZS_RUB,2021-03-04,0.00700176,0.0057413395118210975,0.8,0.0008490784497028336,True,14.310687598547139,59.04121310329761
2021-03-11,KZT_RUB,2021-03-11,0.176016,0.004565793078257663,0.8,-0.0062442836011336045,False,105.78583765112276,2.7695436744043884
2021-03-12,AMD_RUB,2021-03-12,0.139402,0.0003372681281619272,0.95,-0.0002581792624679613,True,77.90419075766515,59.30915329103541
2021-03-12,KGS_RUB,2021-03-12,0.866463,0.0,1.0,-0.00012578297013987605,True,73.15950017484859,50.8684161387681
2021-03-12,TJS_RUB,2021-03-12,6.450159999999999,0.0003380903786920353,0.85,-0.0002603908342427852,True,73.1609758517585,49.92470598606108
2021-03-12,UZS_RUB,2021-03-12,0.00699735,0.0051078817373118035,0.8,-0.0006298416398162754,True,96.42221698214328,48.79225142559284
2021-04-15,KZT_RUB,2021-04-15,0.175738,0.0,0.95,-0.02236339968179435,True,78.35527888106255,82.62823796115468
2021-04-19,KGS_RUB,2021-04-17,0.890885,0.0,0.85,-0.020719243207355076,False,106.23144401353741,70.35560422209993
2021-04-19,KZT_RUB,2021-04-17,0.175683,0.0,1.0,-0.013155455694424889,False,106.27095393407487,38.58104692906757
2021-04-19,TJS_RUB,2021-04-17,6.626340000000001,0.0,0.85,-0.02089179089591331,False,103.9638774949679,71.71959430172859
2021-04-19,UZS_RUB,2021-04-17,0.00719046,0.0,0.85,-0.024097415720119808,False,134.06652703721312,69.68270591890814
2021-04-23,KZT_RUB,2021-04-23,0.176716,0.005879908699191194,0.9,-0.008983950021871023,False,164.50123361778336,-62.284694006206706
2021-04-26,KGS_RUB,2021-04-24,0.885203,0.0,1.0,-0.006377927566408759,True,94.14789601933062,38.9530422773995
2021-04-26,TJS_RUB,2021-04-24,6.58563,0.0,1.0,-0.006143663017593504,True,96.77130358067566,37.32485133596481
2021-04-26,UZS_RUB,2021-04-24,0.00712744,0.0,1.0,-0.00876439059531664,True,75.11813498254561,51.17644403975306
2021-04-27,AMD_RUB,2021-04-27,0.143267,0.0,0.8,-0.018819984248193644,True,12.005556059665205,77.77546921531669
2021-05-06,AMD_RUB,2021-05-06,0.143722,0.004381704462070646,0.85,-0.002083015094916263,False,157.52633556449177,-52.32390059857772
2021-05-06,KGS_RUB,2021-05-06,0.882609,0.006546017706179574,0.85,-0.0011814592379588706,False,103.46597417429496,-41.02266284885015
2021-05-06,TJS_RUB,2021-05-06,6.56394,0.006445974332633053,0.85,-0.00128112276259984,False,115.54036142926272,-43.11444310893386
2021-05-06,UZS_RUB,2021-05-06,0.00712023,0.006549428179646322,0.8,0.0019701022905254106,False,150.09346608185442,-50.0375150297045
2021-05-10,KZT_RUB,2021-05-08,0.173784,0.0,1.0,-0.00014383604991685672,True,93.33425401647935,-4.002188594090739
2021-06-01,AMD_RUB,2021-06-01,0.140752,0.0,1.0,-0.0035327183524364036,False,148.20393315902984,-0.006766380559952348
2021-06-02,TJS_RUB,2021-06-02,6.42184,0.0,1.0,-0.0021148482235119337,False,213.17877742204692,-0.7022660947773056
2021-06-03,KGS_RUB,2021-06-03,0.870837,0.0,1.0,-0.012949668012449789,False,259.02666055760074,-19.31754640698223
2021-06-08,UZS_RUB,2021-06-08,0.00691434,0.0,1.0,-0.0018867080193031294,False,208.9136490250696,-54.081114747877784
2021-06-21,AMD_RUB,2021-06-19,0.13941,0.009946608518006217,0.8,0.005162443941338468,True,0.0,93.26028621026693
2021-06-21,KGS_RUB,2021-06-19,0.853006,0.006217744932083713,0.8,-0.0010188833038988765,True,9.882697190876009,8.516100215112687
2021-06-21,KZT_RUB,2021-06-19,0.168527,0.004428312592380745,0.9,-0.0018833841689122055,True,0.0,24.224411520716178
2021-06-21,TJS_RUB,2021-06-19,6.33245,0.00755934026418692,0.8,0.0003348956531492586,True,7.232587703021432,2.872507718030944
2021-06-21,UZS_RUB,2021-06-19,0.00682557,0.008224653576350605,0.85,-0.000575444761695465,True,1.3185711962528062,-0.5407131916297885
2021-06-25,KZT_RUB,2021-06-25,0.168673,0.005298478996805356,0.85,-0.004908409781422374,True,0.0,58.15564099894246
2021-06-28,KGS_RUB,2021-06-26,0.852163,0.005223330403958837,0.8,-0.0009882697190876089,True,0.0,84.92577001239147
2021-06-28,TJS_RUB,2021-06-26,6.32787,0.006830614134740953,0.85,-0.0007232587703021043,True,0.0,96.39533669616164
2021-06-29,UZS_RUB,2021-06-29,0.00682467,0.007950269095119644,0.85,-0.014731380410035966,True,0.0,93.27187097633175
2021-07-29,TJS_RUB,2021-07-29,6.45408,0.0,0.8,-0.011892659865028743,False,111.8207397491197,-6.668371659243465
2021-07-29,UZS_RUB,2021-07-29,0.00689867,0.0,0.9,-0.01849986483987076,True,89.97386452751039,33.72264343422872
2021-07-30,KGS_RUB,2021-07-30,0.864188,0.0,0.9,-0.00645548474769575,True,59.96380417223925,46.393984906982034
2021-07-30,KZT_RUB,2021-07-30,0.172093,0.0,0.85,-0.004391039733413593,True,35.50405885189987,33.04526970285018
2021-08-04,AMD_RUB,2021-08-04,0.148856,0.0,0.85,-0.017432688436074706,True,32.71618208201131,72.47845050714716
2021-08-17,AMD_RUB,2021-08-17,0.149092,0.0048729855967217794,0.8,-0.00139316811788337,True,0.0,47.155446400018704
2021-08-17,UZS_RUB,2021-08-17,0.00686998,0.004882543954597418,0.85,-0.005613163577834479,True,0.0,77.25348691637205
2021-08-31,KZT_RUB,2021-08-31,0.172184,0.0,0.8,-0.010015753826339902,True,74.28100171909134,16.742464234518074
2021-09-01,AMD_RUB,2021-09-01,0.148622,0.0,0.9,-0.010848441285307264,True,74.75340124611435,36.58076035244456
2021-09-01,KGS_RUB,2021-09-01,0.864871,0.0,0.8,-0.01039412784411109,True,82.40535293702754,29.49053994313037
2021-09-01,UZS_RUB,2021-09-01,0.00687852,0.0,0.85,-0.010158135358340759,True,84.58214848542956,25.63042008671553
2021-09-03,TJS_RUB,2021-09-03,6.42692,0.0,0.9,-0.00891478905058507,True,12.229808368549753,41.17005146053522
2021-09-10,AMD_RUB,2021-09-10,0.14832,0.004966562095577665,0.8,0.004966562095577665,True,85.15372168284884,-27.12557150095889
2021-09-10,KGS_RUB,2021-09-10,0.862094,0.0027182099128009174,0.85,0.0027182099128009174,True,94.7228492484579,-24.545331619456274
2021-09-10,KZT_RUB,2021-09-10,0.171523,0.003616044001053309,0.85,0.003616044001053309,True,71.88540312378001,-26.100830427827308
2021-09-10,UZS_RUB,2021-09-10,0.00684545,0.002633479165781827,0.85,0.002633479165781827,False,116.58839082894545,-20.25667234335857
2021-09-13,TJS_RUB,2021-09-11,6.41906,0.0,1.0,-0.0008996332982613708,True,44.95985393499966,15.695622105770665
2021-09-15,AMD_RUB,2021-09-15,0.147514,2.0337466358544276e-05,0.95,-0.0051659023469111665,True,30.98011036240716,41.351392969393565
2021-09-15,UZS_RUB,2021-09-15,0.00682681,0.0009486330593488912,0.95,-0.0033606673450290447,True,89.60261088268187,-1.0805907210664454
2021-09-23,UZS_RUB,2021-09-23,0.00681885,0.007864740068936671,0.85,0.00025377285422578666,True,33.23140998848887,0.9894559053905251
2021-09-24,KGS_RUB,2021-09-24,0.857325,0.0039780871455203926,0.85,0.0039780871455203926,True,29.662030151925606,13.564245372506456
2021-09-24,TJS_RUB,2021-09-24,6.41592,0.004024913148258147,0.85,0.004024913148258147,True,33.681841419468924,13.287764412762916
2021-09-28,KGS_RUB,2021-09-28,0.85658,0.0031056482513747152,0.9,-0.009405432785213108,True,51.72896868943896,17.395574112217478
2021-09-28,TJS_RUB,2021-09-28,6.410349999999999,0.0031532659384680972,0.9,-0.00913983813227659,True,31.94833355432881,19.323391409034315
2021-09-29,KZT_RUB,2021-09-29,0.170728,0.002572082917376095,0.8,-0.005811583569174106,True,86.86331474626215,11.954048093105117
2021-09-29,UZS_RUB,2021-09-29,0.00679825,0.004819943124375392,0.9,-0.007592412550764593,True,83.03607546059582,22.02499077778277
2021-10-06,KGS_RUB,2021-10-06,0.855488,0.0008259415851059604,0.85,0.0008259415851059604,False,183.48591681005544,-25.505672773014723
2021-10-06,TJS_RUB,2021-10-06,6.407819999999999,0.002112815925408462,0.85,0.002112815925408462,False,166.10953491202812,-24.745952997066837
2021-10-06,UZS_RUB,2021-10-06,0.0067963,1.618553925064603e-05,0.85,-0.0002868385246203031,False,213.68980180392222,-28.55619084023649
2021-10-07,KZT_RUB,2021-10-07,0.170568,0.0,0.9,-0.0020594430142756304,False,196.10946953707534,-41.4336607284026
2021-10-26,AMD_RUB,2021-10-26,0.14731,0.0,1.0,-0.008360708708061826,False,103.72683456656043,61.97631587232234
2021-11-11,KZT_RUB,2021-11-11,0.164867,0.009194135830808303,0.9,-0.00701073895838733,True,0.0,122.01520525265157
2021-12-07,AMD_RUB,2021-12-07,0.149963,0.0,0.8,-0.03350691535298578,False,120.62975533965077,80.65316273726613
2021-12-15,KZT_RUB,2021-12-15,0.167912,0.0,0.95,-0.010961695911599567,True,0.0,37.953591182698425
2021-12-15,UZS_RUB,2021-12-15,0.00678624,0.0,0.8,-0.014211069904867313,True,35.6898665534967,46.77791667752294
2021-12-23,UZS_RUB,2021-12-23,0.00680868,0.0033066911868722126,0.8,-0.0001468497785505063,True,68.53017031201415,-2.5492172419974826
2021-12-24,AMD_RUB,2021-12-24,0.148348,0.0013094482767930238,0.95,-0.0037004949663865805,True,0.0,132.3934007917386
2021-12-24,KGS_RUB,2021-12-24,0.864816,0.0,1.0,-0.0029479820100463128,True,22.328449057371923,48.0840362621625
2021-12-24,KZT_RUB,2021-12-24,0.168137,0.001339987612559046,0.8,0.0008810100661353903,True,0.0,34.697732624250904
2021-12-24,TJS_RUB,2021-12-24,6.50051,0.0,1.0,-0.002447647956098642,True,27.551684406301252,44.595981599480524
2022-02-08,AMD_RUB,2022-02-08,0.156786,0.0,0.8,-0.02249460703018813,True,83.23447246565385,76.6260891579973
2022-02-08,KGS_RUB,2022-02-08,0.892174,0.0,0.8,-0.02310903896837646,False,126.38790191151125,57.16862140277352
2022-02-08,TJS_RUB,2022-02-08,6.700360000000001,0.0,0.8,-0.023100250772729702,False,126.3812690661405,58.99426165610583
2022-02-08,UZS_RUB,2022-02-08,0.00697323,0.0,0.8,-0.026508039105919035,False,109.96338855881704,72.9416403154616
2022-02-11,KZT_RUB,2022-02-11,0.175018,0.0,0.85,-0.0073167411575196795,True,22.11201133597678,67.4935607494751
2022-02-17,AMD_RUB,2022-02-17,0.156198,0.0046114959384104814,0.8,0.0017958157493040972,True,0.0,296.2632946622561
2022-02-17,KGS_RUB,2022-02-17,0.884373,0.003944838108384863,0.85,0.0028053099051024155,True,0.0,299.2929054871457
2022-02-17,KZT_RUB,2022-02-17,0.175533,0.005165176858633158,0.85,-0.00032461985306686536,True,0.0,128.15321503805876
2022-02-17,TJS_RUB,2022-02-17,6.647239999999999,0.004770484666730912,0.85,0.0037312024256588305,True,0.0,295.3246868273566
2022-02-17,UZS_RUB,2022-02-17,0.00692193,0.003680100920025131,0.85,0.0031142941609521024,True,0.0,291.59310195359717
2022-03-25,KGS_RUB,2022-03-25,0.971747,0.0,0.95,-0.03218233970081463,False,1009.6763869608043,144.50282342326497
2022-03-25,TJS_RUB,2022-03-25,7.935370000000001,0.0,0.85,-0.13210145244553329,False,1889.565325876424,184.86936533901627
2022-03-25,UZS_RUB,2022-03-25,0.0083391,0.0,0.85,-0.09881666396498612,False,1223.669220899138,293.9648704924215
2022-03-28,AMD_RUB,2022-03-26,0.194805,0.0,0.85,-0.08443819881468806,False,1155.360488693822,-171.48967921643515
2022-03-28,KZT_RUB,2022-03-26,0.193977,0.0,0.8,-0.05327658826802273,False,955.1647875779096,-165.4590945230282
2022-03-30,TJS_RUB,2022-03-30,7.13205,0.0,1.0,-0.20012718023255816,False,1604.082977545025,366.93592216524377
2022-04-08,KGS_RUB,2022-04-08,0.838373,0.0,1.0,-0.04035909856781794,False,365.2192997627555,917.7671485516294
2022-04-08,KZT_RUB,2022-04-08,0.164975,0.0,1.0,-0.06977203141827693,False,112.56250947113183,631.3886575300995
2022-04-08,TJS_RUB,2022-04-08,6.100379999999999,0.0,1.0,-0.052136987195324114,False,184.20163989784007,663.4186230238447
2022-04-22,TJS_RUB,2022-04-22,5.99632,0.001387773233511691,0.95,-0.0773671593472367,False,520.5692824932624,132.69947431430606
2022-04-22,UZS_RUB,2022-04-22,0.00664779,0.009158309879680582,0.95,-0.07293607407820601,False,443.65119836817905,132.46751025302558
2022-04-25,AMD_RUB,2022-04-23,0.157304,0.0,1.0,-0.07351607317446662,False,293.50811168183964,232.00360513376557
2022-04-25,KZT_RUB,2022-04-23,0.165537,0.0,0.9,-0.0731047689439116,False,504.96263675190306,79.53433460411354
2022-04-26,KGS_RUB,2022-04-26,0.882912,0.0,0.8,-0.10603592210498392,False,850.9794860642967,228.07489383178364
2022-05-02,KGS_RUB,2022-04-30,0.865073,0.0017613299488623557,0.85,-0.048306734009326946,False,662.3140474850097,-54.15892421552826
2022-05-13,AMD_RUB,2022-05-13,0.140921,0.0,1.0,-0.10066690066690076,False,895.7501011204856,32.02252186706712
2022-05-13,KGS_RUB,2022-05-13,0.795795,0.0,1.0,-0.08008341492567672,False,735.314999465943,24.133656126233067
2022-05-13,KZT_RUB,2022-05-13,0.148645,0.0,1.0,-0.06135941703186376,False,817.2491506609703,112.5690668984411
2022-05-13,TJS_RUB,2022-05-13,5.26543,0.0,1.0,-0.07366774744597715,False,1017.2198661837687,-78.6216863762448
2022-05-13,UZS_RUB,2022-05-13,0.00588232,0.0,1.0,-0.07406742789861576,False,971.7424417576741,-49.331968352046275
2022-05-18,KZT_RUB,2022-05-18,0.147922,0.008323051649272939,0.95,-0.0608961743083154,False,934.7493949513938,-62.867777470030354
2022-05-23,KGS_RUB,2022-05-21,0.737279,0.0,1.0,-0.040118787544232926,False,394.8030528470229,396.76252025037553
2022-06-09,KZT_RUB,2022-06-09,0.140258,0.0,0.8,-0.053883410007689925,False,855.851359637239,-133.94869268250105
2022-06-09,UZS_RUB,2022-06-09,0.00545203,0.0,0.8,-0.02567681313005865,False,530.4079397949021,-33.73128183340325
2022-06-10,KGS_RUB,2022-06-10,0.73437,0.0,0.85,-0.05184835151214684,False,294.7288151749118,130.77967875343117
2022-06-16,AMD_RUB,2022-06-16,0.133505,0.0,0.8,-0.049752660237019075,False,328.2274072132148,101.96692870964473
2022-06-22,AMD_RUB,2022-06-22,0.131191,0.0,0.85,-0.03575024806144578,False,449.64974731498467,70.50454250077318
2022-06-23,TJS_RUB,2022-06-23,5.02531,0.0,0.9,-0.02196882559811908,False,353.7493209374143,127.28537724353455
2022-06-28,AMD_RUB,2022-06-28,0.130271,0.008890747581763225,0.9,-0.023580203422352564,False,382.203253218292,272.60408262535674
2022-06-30,KZT_RUB,2022-06-30,0.112176,0.0,1.0,-0.056900726392251744,True,0.0,666.0416809474328
2022-07-20,KZT_RUB,2022-07-20,0.114497,0.0,0.8,-0.09566460520184183,True,27.424299326619458,621.4244340820399
2022-08-19,TJS_RUB,2022-08-19,5.84462,0.0,0.8,-0.010963869489509004,False,133.7469330769153,49.99282550908361
2022-08-19,UZS_RUB,2022-08-19,0.00547787,0.0,0.8,-0.014691836569506456,False,128.26153231091635,73.8580541304152
2022-08-22,AMD_RUB,2022-08-20,0.145951,0.0,0.85,-0.02720086381571929,True,0.0,177.46744192232634
2022-08-22,KZT_RUB,2022-08-20,0.124243,0.0,0.85,-0.025483951934238913,True,0.0,250.98700656210832
2022-09-09,KGS_RUB,2022-09-09,0.742492,0.0,0.8,-0.004260603565388932,False,150.06222289263852,2.1057199664324875
2022-09-12,KZT_RUB,2022-09-10,0.126649,0.0,0.8,-0.011018272684679031,True,76.7475463683093,51.31767356887342
2022-09-14,UZS_RUB,2022-09-14,0.00548548,0.0,0.8,-0.010193126270983122,False,380.2037378679714,17.114620118090695
2022-09-15,AMD_RUB,2022-09-15,0.146965,0.0,0.95,-0.027378856666357643,False,502.9088558500328,-31.981916678639294
2022-09-15,TJS_RUB,2022-09-15,5.836440000000001,0.0,0.85,-0.022785988517428746,False,274.8079308619661,59.50094599399222
2022-09-20,KZT_RUB,2022-09-20,0.126103,0.0015964798017507054,0.9,-0.012668237799578819,False,502.76361387120045,-115.27572361023053
2022-09-21,UZS_RUB,2022-09-21,0.00546627,0.0008953780912515086,0.9,-0.0035019724800747776,False,815.0164554623165,-135.98122976740245
2022-09-23,AMD_RUB,2022-09-23,0.143125,0.0,1.0,-0.013774427386235244,False,475.38864628820994,-41.41682491276964
2022-09-23,KGS_RUB,2022-09-23,0.733794,0.0033417652286866772,0.9,-0.003269487544841798,False,600.8089463800466,-130.67799205319722
2022-09-23,TJS_RUB,2022-09-23,5.84518,0.003156111684134766,0.85,0.003156111684134766,False,743.090888561174,-186.0002884471588
2022-09-30,KGS_RUB,2022-09-30,0.716025,0.005842391686075699,0.9,-0.024215242970097806,False,367.5569987081465,139.08157500308818
2022-09-30,KZT_RUB,2022-09-30,0.119763,0.0,1.0,-0.043747305217099686,False,317.79431042976466,286.5199371699987
2022-10-03,AMD_RUB,2022-10-01,0.136321,0.0,1.0,-0.023306633040537705,True,0.0,592.604520098915
2022-10-31,KGS_RUB,2022-10-29,0.739168,0.0,0.85,-0.0021343262022627263,False,183.30068401229533,-8.257401922317989
2022-11-08,KGS_RUB,2022-11-08,0.729025,0.0,1.0,-0.013722184943071092,False,201.6666095127052,-1.8658533741080603
2022-11-08,TJS_RUB,2022-11-08,5.99596,0.001491557583643388,0.85,-0.004611752831297444,False,165.51144437254416,-13.544093455913883
2022-11-08,UZS_RUB,2022-11-08,0.00550076,0.000540217069040505,0.8,-0.0013561525208641845,False,221.22397632327295,-39.09753421686298
2022-11-14,AMD_RUB,2022-11-12,0.152019,0.0,0.95,-0.03215147482953351,True,0.0,121.71178745274104
2022-11-14,KZT_RUB,2022-11-12,0.128281,0.0,1.0,-0.0485440493673327,True,0.0,250.80314403248505
2022-11-14,TJS_RUB,2022-11-12,5.89672,0.0,1.0,-0.030009129565811032,True,0.0,105.30724848606471
2022-11-24,UZS_RUB,2022-11-24,0.00539788,0.0034968870083491588,0.8,-0.0008385146629004137,True,31.642052064884815,23.09671275388941
2022-11-28,KZT_RUB,2022-11-26,0.129799,0.0,0.95,-0.01308546228710461,True,0.0,112.62581488580422
2023-03-14,TJS_RUB,2023-03-14,6.91464,0.007828384781654929,0.8,0.00012294269857759943,True,35.996089456574694,73.56193824417558
2023-03-17,KZT_RUB,2023-03-17,0.164396,0.0,0.9,-0.05011296072664673,True,3.7713812988137634,223.3001157974119
2023-03-24,KZT_RUB,2023-03-24,0.165038,0.004283958280087985,0.85,0.0039052045061924723,True,0.0,128.946373073522
2023-05-01,KGS_RUB,2023-04-29,0.919896,0.0,0.8,-0.011989573163462164,False,450.02913372816107,-98.93316129050993
2023-05-01,KZT_RUB,2023-04-29,0.176474,0.0,0.85,-0.013246255095251236,False,240.20535602978305,-9.239620551658094
2023-05-01,TJS_RUB,2023-04-29,7.37629,0.0,0.8,-0.011999924992097455,False,473.0697952493738,-106.63168127258487
2023-05-01,UZS_RUB,2023-04-29,0.00706827,0.0,0.8,-0.00974109669646106,False,509.7003934484667,-133.01411111742883
2023-05-03,AMD_RUB,2023-05-03,0.206697,0.0,0.85,-0.014588309329366833,False,497.0076972573383,-95.13383624839723
2023-05-08,KZT_RUB,2023-05-06,0.172518,0.0,1.0,-0.039838375743004084,True,96.68556324557454,149.73558640003174
2023-07-27,UZS_RUB,2023-07-27,0.00775393,0.0,0.8,-0.013122006661550167,True,12.909582624553485,142.52227523492974
2023-07-28,TJS_RUB,2023-07-28,8.2442,0.0,0.8,-0.008975978708646859,True,0.0,163.37612940820267
2023-08-18,UZS_RUB,2023-08-18,0.00775465,0.0,0.9,-0.06996282082034055,True,17.563655355173704,297.48339243006836
2023-08-21,KZT_RUB,2023-08-19,0.201655,0.0,1.0,-0.08618595756636493,True,0.0,404.8655923723888
2023-09-13,KZT_RUB,2023-09-13,0.204596,0.0,0.9,-0.036111202717409197,False,137.34383858922007,172.30932372518936
2023-09-13,UZS_RUB,2023-09-13,0.00778586,0.0,0.85,-0.032692259908063126,True,0.0,224.44610416491605
2023-09-20,KZT_RUB,2023-09-20,0.205032,0.0021310289546228045,0.9,0.0021310289546228045,False,200.16387685824634,6.668144350354324
2023-09-27,AMD_RUB,2023-09-27,0.248221,0.0008265595768015555,0.8,-0.003904588392979025,False,663.3604731267704,-66.25298141312965
2023-09-27,UZS_RUB,2023-09-27,0.00788438,0.0014454464625937025,0.8,-0.003600463548624089,True,0.0,122.41331666745641
2023-10-20,AMD_RUB,2023-10-20,0.242167,0.0009713473207346723,0.8,-0.0070361607820143,False,440.9766813810302,-95.2030630775129
2023-10-23,KGS_RUB,2023-10-21,1.07373,0.0,1.0,-0.01606399941352188,False,404.7572480977532,-70.62464828362234
2023-10-23,KZT_RUB,2023-10-21,0.200053,0.0,1.0,-0.021850950020046778,False,251.73329067797096,-8.67903761075152
2023-10-23,TJS_RUB,2023-10-21,8.75056,0.0,1.0,-0.014365686351809459,False,401.78000036569114,-74.05532925634999
2023-10-23,UZS_RUB,2023-10-21,0.00784116,0.0,1.0,-0.014570635030350276,False,395.59197873783995,-62.93845055995818
2023-11-01,KZT_RUB,2023-11-01,0.195017,0.0,1.0,-0.0016484163428707177,True,0.0,130.8280272582309
2023-11-06,UZS_RUB,2023-11-04,0.0076009,0.009285656429384392,0.95,-0.004395857729295849,False,423.7392940309697,-65.98874331930153
2023-11-08,AMD_RUB,2023-11-08,0.229511,0.005110710156605913,0.95,-0.009870620667043473,False,376.71397013650704,-32.81245836775089
2023-11-08,KGS_RUB,2023-11-08,1.03465,0.004251312762673987,0.95,-0.008889484927150249,False,370.2024839317652,-33.950562693967754
2023-11-08,TJS_RUB,2023-11-08,8.43719,0.004549361946331487,0.95,-0.00857678685997254,False,376.4523496566983,-36.609231125140205
2023-11-15,KZT_RUB,2023-11-15,0.195877,0.004409871959880407,0.8,-0.019801435191208805,False,301.8220618040914,-37.787352254746075
2023-11-28,KZT_RUB,2023-11-28,0.191549,0.008338378122285661,0.9,0.0017100542824570741,True,0.0,141.85335741914358
2023-11-28,TJS_RUB,2023-11-28,8.09821,0.009302592237619978,0.8,0.0022165018625546207,True,12.187878555877631,81.73326807564777
2023-11-29,AMD_RUB,2023-11-29,0.220264,0.009098489082729255,0.8,0.009098489082729255,True,12.12181745541666,97.34715045873524
2023-12-01,KGS_RUB,2023-12-01,0.993468,0.006355387087036535,0.8,0.0013264096630354327,True,0.0,145.03028008458375
2024-01-01,AMD_RUB,2023-12-30,0.221567,0.0,0.95,-0.022482716632180932,True,49.78178158299715,77.20654879070872
2024-01-01,KGS_RUB,2023-12-30,1.00677,0.0,0.9,-0.02295180605966496,True,58.70258350963835,81.87477423803855
2024-01-01,TJS_RUB,2023-12-30,8.18712,0.0,0.95,-0.024310252159726042,True,30.99991205698729,83.89407772142408
2024-01-01,UZS_RUB,2023-12-30,0.00726882,0.0,0.9,-0.022023515609128075,True,79.66905219829293,73.00940046838045
2024-01-11,AMD_RUB,2024-01-11,0.220464,0.0,1.0,-0.025896387937700216,False,198.67189200957955,-32.080597381678984
2024-01-11,KGS_RUB,2024-01-11,1.00086,0.0,1.0,-0.028611914513655634,False,195.4818855784031,-28.968835705321727
2024-01-11,TJS_RUB,2024-01-11,8.16174,0.0,1.0,-0.024678965519713714,False,193.85572194164482,-41.35257757760355
2024-01-11,UZS_RUB,2024-01-11,0.00721091,0.0,1.0,-0.029106958445366926,False,205.0226670420235,-27.0565916547768
2024-01-12,KZT_RUB,2024-01-12,0.195839,0.0,1.0,-0.025729935177676744,True,84.86562942008612,32.128942345563374
2024-01-22,UZS_RUB,2024-01-20,0.00713273,0.009862566844162757,0.8,0.004851872774992216,True,73.88475380394344,7.315690595254906
2024-01-23,AMD_RUB,2024-01-23,0.217135,0.004863849243812668,0.9,0.004208579026476977,True,5.204135675962051,92.10331615830088
2024-01-23,KGS_RUB,2024-01-23,0.985052,0.0038286142291563685,0.9,0.0035085288628453615,True,4.091154578641962,81.04773130509307
2024-01-23,KZT_RUB,2024-01-23,0.195477,0.006694922673643244,0.85,0.006244080220730641,True,0.0,88.11041775121517
2024-01-23,TJS_RUB,2024-01-23,8.0302,0.003333533245372111,0.9,0.0030189744480098035,True,3.785708948719055,83.72379327781165
2024-03-01,KGS_RUB,2024-03-01,1.0159,0.0,0.8,-0.017162648504314704,True,56.20631951963878,91.69428920554148
2024-03-01,KZT_RUB,2024-03-01,0.201286,0.0,0.85,-0.013719706398283016,True,37.95594328467886,119.09662443854694
2024-03-01,TJS_RUB,2024-03-01,8.29247,0.0,0.8,-0.017009326739339636,True,58.342086254155724,89.23293854218205
2024-03-01,UZS_RUB,2024-03-01,0.00727615,0.0,0.85,-0.01801174420785967,True,88.06855273736826,81.05150267388045
2024-03-05,UZS_RUB,2024-03-05,0.00729983,0.003254468365825325,0.8,-0.015731140025618595,False,120.22197777208522,15.567740218953787
2024-03-06,KZT_RUB,2024-03-06,0.201082,0.0,0.9,-0.016987930014616848,True,27.8493350971248,106.74547429364841
2024-03-06,TJS_RUB,2024-03-06,8.31786,0.003061813910692379,0.8,-0.009565156301536426,True,88.68867713570518,27.64113701807874
2024-03-07,AMD_RUB,2024-03-07,0.22365,0.0,1.0,-0.015707313208842666,True,0.0,115.93647800595417
2024-03-07,KGS_RUB,2024-03-07,1.01019,0.0,1.0,-0.01662659281396317,True,0.0,109.73287781080704
2024-03-13,KZT_RUB,2024-03-13,0.20245,0.009614905097695026,0.8,-0.000464096690101945,True,0.0,47.02755775554326
2024-04-05,UZS_RUB,2024-04-05,0.00728653,0.0,0.8,-0.004893231144057375,True,0.0,59.173777243095046
2024-04-25,UZS_RUB,2024-04-25,0.00728105,0.0,1.0,-0.021838865819138853,True,60.650592977660764,51.99826910994361
2024-04-26,TJS_RUB,2024-04-26,8.42444,0.0,0.95,-0.021958349489991424,True,31.942776018347658,64.88174387643137
2024-04-29,AMD_RUB,2024-04-28,0.236495,0.0,0.9,-0.007274543714424819,True,62.49603585699516,24.85152953501821
2024-04-29,KGS_RUB,2024-04-28,1.03347,0.0,0.9,-0.01469186179543891,True,44.41348079770186,55.54412578027434
2024-04-29,KZT_RUB,2024-04-28,0.207013,0.0,0.8,-0.008824261692266466,True,12.801128431548513,38.48701750591211
2024-05-06,AMD_RUB,2024-05-04,0.236734,0.0010105921901095716,0.9,-0.0018383438040223687,True,72.52866085986788,-11.82952911465882
2024-05-06,KGS_RUB,2024-05-04,1.03394,0.0004547785615449662,0.9,-0.006905957949535635,True,48.93901000058093,11.661558122170597
2024-05-06,KZT_RUB,2024-05-04,0.206807,0.0,0.9,-0.006671597917347172,True,2.852901497531684,39.29286602375785
2024-05-06,UZS_RUB,2024-05-04,0.00723689,0.0,1.0,-0.006065059297766129,True,79.41256534229544,3.329708717580356
2024-05-14,TJS_RUB,2024-05-14,8.40138,0.006812846259765193,0.8,-0.0035037694581375733,False,99.1622804824911,-29.73521300476998
2024-05-15,KGS_RUB,2024-05-15,1.03424,0.005209548246637219,0.8,0.00029015223320505434,False,139.039294554456,-20.850010496519822
2024-05-15,KZT_RUB,2024-05-15,0.207201,0.002191073190550785,0.8,0.0019051579491990989,False,228.08770227942952,-29.40210420044978
2024-06-04,KZT_RUB,2024-06-04,0.199833,0.0006409453944569155,0.95,-0.0014341395162901227,False,229.34150015262765,13.288666533239741
2024-06-05,AMD_RUB,2024-06-05,0.229146,0.005405547706591074,0.9,0.005405547706591074,True,79.81810723294308,34.91665953948277
2024-06-05,KGS_RUB,2024-06-05,1.01381,0.007653238711472943,0.9,0.007653238711472943,True,12.822915536442517,48.262864098316776
2024-06-05,TJS_RUB,2024-06-05,8.24576,0.006889444082184948,0.9,0.006889444082184948,True,29.19075985718725,46.87530176492381
2024-06-05,UZS_RUB,2024-06-05,0.00703589,0.008791939861525488,0.9,0.008791939861525488,True,66.67244655615806,17.715663133782535
2024-06-14,AMD_RUB,2024-06-14,0.227317,0.0,1.0,-0.00569941387455164,False,645.6182335681007,-1.1208596805179953
2024-06-14,KGS_RUB,2024-06-14,1.01251,0.0,0.9,-0.0037586217075161743,False,652.0824485684088,-21.36975607107306
2024-06-14,TJS_RUB,2024-06-14,8.22169,0.0,0.9,-0.003107676190568509,False,627.0730226997133,2.948934961419922
2024-06-14,UZS_RUB,2024-06-14,0.00698898,0.0,0.9,-0.00256886704400483,False,637.031440925571,-11.153093136545776
2024-06-19,AMD_RUB,2024-06-19,0.223897,0.0,1.0,-0.025004463527536713,False,502.7311665631972,86.22876303599271
2024-06-19,KZT_RUB,2024-06-19,0.192165,0.0,1.0,-0.03399722512667891,False,611.2455441937922,15.293274076948249
2024-06-19,TJS_RUB,2024-06-19,8.09353,0.0,1.0,-0.023540624830340362,False,478.65393715721024,117.9617843727259
2024-06-19,UZS_RUB,2024-06-19,0.00689947,0.0,1.0,-0.01952572663698482,False,515.5613402188869,66.7525740330568
2024-07-10,KZT_RUB,2024-07-10,0.184776,0.008586103939346001,0.85,-0.002160107141314316,False,110.29570939948826,15.259019933479282
2024-07-22,KZT_RUB,2024-07-20,0.184518,0.009740721688975329,0.8,-0.002659315712664312,False,236.39970084219303,-57.82588381871974
2024-07-24,AMD_RUB,2024-07-24,0.22505,0.0,0.8,-0.010986596352450029,False,215.9075760942014,-45.760228137949255
2024-07-24,TJS_RUB,2024-07-24,8.1864,0.0,0.8,-0.010258425268248383,False,211.42382488028994,-23.59750190193425
2024-07-24,UZS_RUB,2024-07-24,0.00693232,0.0,0.85,-0.009993859160561613,False,241.17467168278347,-49.40459964146742
2024-07-26,KGS_RUB,2024-07-26,1.01437,0.0,0.85,-0.02110514938624264,True,0.0,133.24112771851722
2024-07-31,AMD_RUB,2024-07-31,0.222282,0.00949630093873055,0.9,-0.01229948900244382,False,144.9510081788,3.976633583730676
2024-08-01,KZT_RUB,2024-08-01,0.181141,0.005467483736317336,0.9,-0.010855735574376468,False,146.57090332945003,22.402611198630314
2024-08-02,KGS_RUB,2024-08-02,1.02087,0.006407918215246777,0.9,0.006407918215246777,False,152.90879348007,12.690124762931763
2024-08-02,TJS_RUB,2024-08-02,8.08651,0.00913354265148536,0.9,0.00913354265148536,True,92.06691143645475,50.929191615014496
2024-08-05,UZS_RUB,2024-08-03,0.00681537,0.007426317010907457,0.9,0.006315152231048726,True,93.64128433232534,101.49985102741084
2024-09-04,KZT_RUB,2024-09-04,0.18364,0.0,0.85,-0.029109788205936238,True,0.0,259.06269836117815
2024-09-04,TJS_RUB,2024-09-04,8.29807,0.0,0.85,-0.032141540815802894,True,0.0,241.42603965724965
2024-09-04,UZS_RUB,2024-09-04,0.00701875,0.0,0.8,-0.027935893281037516,True,0.0,192.90587006087395
2024-12-05,KZT_RUB,2024-12-05,0.199239,0.0,0.8,-0.08036039861711808,False,488.759730775601,175.62170492106546
2024-12-09,AMD_RUB,2024-12-07,0.247742,0.0,1.0,-0.09255671016918732,True,0.0,526.6171005477468
2024-12-09,KGS_RUB,2024-12-07,1.14541,0.0,0.8,-0.07721248741188314,True,4.627164072254838,406.7792554305241
2024-12-09,TJS_RUB,2024-12-07,9.10537,0.0,1.0,-0.08183951348042784,True,0.0,430.0149741244786
2024-12-10,UZS_RUB,2024-12-10,0.0077413,0.0,0.8,-0.07170086446830226,True,0.0,376.20903952828996
2024-12-24,KZT_RUB,2024-12-24,0.193972,0.0,0.9,-0.015195593125682194,False,168.73569381147786,69.47253096058148
2024-12-25,AMD_RUB,2024-12-25,0.252364,0.0,0.9,-0.033180729815151966,True,75.20882534751215,198.256356117939
2024-12-25,KGS_RUB,2024-12-25,1.14796,0.0,0.9,-0.03034091293036456,True,64.37506533328694,193.57263672241976
2024-12-25,TJS_RUB,2024-12-25,9.13825,0.0,0.9,-0.03104227436934126,True,64.68415725111336,194.6911001901695
2024-12-25,UZS_RUB,2024-12-25,0.00774089,0.0,1.0,-0.0323790737907379,True,84.61559329741213,196.84739505473678
2025-01-17,KZT_RUB,2025-01-17,0.193272,0.0029423211644743485,0.85,-0.0038347352795645717,False,361.5112380479321,-44.21848504916353
2025-01-21,AMD_RUB,2025-01-21,0.255764,0.008724048715845312,0.8,-0.010840517158028695,False,466.6020237406359,-140.04895728829663
2025-01-21,KGS_RUB,2025-01-21,1.16593,0.009026395499783568,0.8,-0.007440387513088953,False,473.61333870815423,-142.50314409134302
2025-01-22,TJS_RUB,2025-01-22,9.12895,0.0,0.9,-0.03406349461637437,False,282.04777110182357,35.610430250943864
2025-01-22,UZS_RUB,2025-01-22,0.00770154,0.0,0.95,-0.034155224112698,False,275.295590232602,39.49103293103459
2025-01-27,KZT_RUB,2025-01-25,0.188093,0.009705558686958105,0.95,-0.027244377097760175,True,27.752228950573514,93.02136597040234
2025-02-03,AMD_RUB,2025-02-01,0.246158,0.009547635647787489,0.85,-0.0005481276365955079,False,365.4969572388457,-22.014504563137354
2025-02-03,TJS_RUB,2025-02-01,8.95358,0.009255512333356197,0.9,-0.0025311096999877103,False,403.8831394816378,-30.5694013112161
2025-02-06,KZT_RUB,2025-02-06,0.188471,0.004798183088004171,0.8,-0.007519786834053965,False,375.76072711451656,-42.072316583146375
2025-02-06,UZS_RUB,2025-02-06,0.00754337,0.007190046892190605,0.95,-0.0014032356495988774,False,793.4915031345403,-143.3599862305578
2025-02-07,AMD_RUB,2025-02-07,0.244211,0.001562564081532214,0.95,-0.0084654237178029,False,673.5568831870808,-88.26093037501353
2025-02-07,KGS_RUB,2025-02-07,1.10818,0.0,1.0,-0.011180412417128527,False,681.1167860816835,-82.76594131473276
2025-02-07,TJS_RUB,2025-02-07,8.85455,0.0,1.0,-0.014713835211277004,False,678.6228549163986,-75.54755368574763
2025-02-12,KZT_RUB,2025-02-12,0.187668,0.0,0.9,-0.0065535239748869545,False,634.9510838288899,-128.25346307480095
2025-02-19,KZT_RUB,2025-02-19,0.183137,0.009636747542574264,0.9,-0.024143700577615834,False,593.4901194187952,-143.57066689384584
2025-02-20,AMD_RUB,2025-02-20,0.228512,0.0032929110211536994,0.95,-0.03646889665670161,False,444.13422489847324,1.3439188298012155
2025-02-20,KGS_RUB,2025-02-20,1.03404,0.0012975694780672509,0.95,-0.0385048119391882,False,497.56295694557366,-10.017005399414748
2025-02-20,TJS_RUB,2025-02-20,8.25717,0.00042526588204516713,0.95,-0.03896549797717863,False,491.4395610118243,-1.7448199899496637
2025-02-20,UZS_RUB,2025-02-20,0.00697189,0.0038993147400721018,0.95,-0.03778266960176113,False,434.40157546949166,6.851406186619455
2025-03-12,AMD_RUB,2025-03-12,0.219691,0.006081616391055311,0.95,-0.03044706297718358,False,525.510831121894,55.95679853224555
2025-03-12,KGS_RUB,2025-03-12,0.98991,0.00744969926418948,0.95,-0.03003253115936344,False,538.1297289652588,64.19429492381853
2025-03-12,TJS_RUB,2025-03-12,7.9063,0.00699494865870709,0.95,-0.030528725597067874,False,567.9647875744656,50.011140621005076
2025-03-12,UZS_RUB,2025-03-12,0.00668981,0.003115895415075398,0.95,-0.03322253854935908,False,587.4905266367805,51.60579531488064
2025-03-17,KZT_RUB,2025-03-15,0.17277,0.0,0.9,-0.03871405679693751,False,547.1436013196745,-27.424882823090964
2025-04-09,KZT_RUB,2025-04-09,0.16489,0.0,0.95,-0.019952807479479584,False,595.0027290921229,-8.364655025904247
2025-04-14,KGS_RUB,2025-04-12,0.960595,0.0,0.95,-0.011008074853261718,False,321.77973027134215,-45.18979574784028
2025-04-14,UZS_RUB,2025-04-12,0.0064776,0.0,0.9,-0.006929539461580814,False,363.7767074225016,-68.96778379761034
2025-04-15,AMD_RUB,2025-04-15,0.211724,0.0,0.9,-0.0391642538823892,False,232.28353894693117,58.65482286279191
2025-04-15,TJS_RUB,2025-04-15,7.60105,0.0,0.9,-0.0390775913508703,False,129.86363726064113,107.24900890930981
2025-04-30,KGS_RUB,2025-04-30,0.932666,0.0032064624039325196,0.9,-0.005359968945026661,True,85.88283479830895,24.54292194823051
2025-04-30,UZS_RUB,2025-04-30,0.00629912,0.009157380053701036,0.9,-0.0017511414114042,True,68.10475113984212,25.37512995969672
2025-05-07,AMD_RUB,2025-05-07,0.207889,0.005236791969285282,0.9,-0.018261584087345906,True,53.97110958251683,45.49185747967395
2025-05-07,KZT_RUB,2025-05-07,0.156142,0.00904731747037002,0.9,-0.023043954325042915,True,0.0,130.62916907206903
2025-05-07,UZS_RUB,2025-05-07,0.00625787,0.0025488788777883187,0.95,-0.021273434481982156,False,112.6102012346047,43.536661249335246
2025-05-22,AMD_RUB,2025-05-22,0.207118,0.001697562957338361,0.9,0.001697562957338361,False,134.17472165625412,12.22099751997794
2025-05-22,KZT_RUB,2025-05-22,0.155892,0.0,0.9,-0.00884393100335068,False,178.00785158956197,46.27613902543968
2025-05-22,UZS_RUB,2025-05-22,0.0061858,0.0,1.0,-0.002600803298328014,False,110.09085324452741,18.37699675797672
2025-05-27,AMD_RUB,2025-05-27,0.207369,0.002911489744495066,0.9,-0.004077457280350361,False,146.11634333000617,-23.812242139543176
2025-05-27,KZT_RUB,2025-05-27,0.155937,0.00028866138095606786,0.95,-0.011968877117838672,False,180.842263221685,-2.9049468403895697
2025-06-04,KZT_RUB,2025-06-04,0.154203,0.007092615450929651,0.95,-0.010218556436342507,True,58.883419907525784,55.30252242519118
2025-06-04,UZS_RUB,2025-06-04,0.00614393,0.00428755904996958,0.95,-0.001451357580052215,True,62.3053973596703,46.91558403989099
2025-06-11,AMD_RUB,2025-06-11,0.204934,0.002911827893843144,0.85,-0.0023950230253229066,True,67.97310353577275,27.041100201309597
2025-06-11,KGS_RUB,2025-06-11,0.898803,0.0013168141119692667,0.9,-0.0032282963334272496,True,14.808584306015568,32.86774826458323
2025-06-11,KZT_RUB,2025-06-11,0.154573,0.009509068228870543,0.8,0.0023994345116500337,False,225.0069546427889,-20.290418773497986
2025-06-17,AMD_RUB,2025-06-17,0.204572,5.377369097736562e-05,0.9,-0.008774947548974565,True,87.20646031715033,15.295427664201636
2025-06-17,KGS_RUB,2025-06-17,0.897732,5.3470931864696425e-05,0.9,-0.007842374462328716,True,23.147219882994303,31.383706741912626
2025-06-17,KZT_RUB,2025-06-17,0.153357,0.00040444893832147777,0.9,-0.008328752950305662,False,235.07241273629486,-10.42539918181916
2025-06-17,TJS_RUB,2025-06-17,7.74274,0.0,0.85,-0.032695563093029456,True,0.0,224.3427048594816
2025-06-17,UZS_RUB,2025-06-17,0.00615246,0.0076666693963789445,0.85,-0.002275200316549597,True,0.0,113.24550202450033
2025-06-26,KGS_RUB,2025-06-26,0.896414,0.0008485419592834109,0.95,-0.004141568774704396,True,4.729957363451384,24.019054989773384
2025-07-01,KZT_RUB,2025-07-01,0.150903,0.0076860409209895675,0.8,0.005289489637530176,True,52.484046042823195,8.755446537230535
2025-07-02,AMD_RUB,2025-07-02,0.203514,0.0035800934966565556,0.8,0.0011461966440542426,True,31.447467987460403,20.33623794309126
2025-07-02,KGS_RUB,2025-07-02,0.896719,0.0011890752455747666,0.85,-0.0017288749955468585,True,67.91425184478125,7.044012554835633
2025-07-09,AMD_RUB,2025-07-09,0.203462,0.0025079698255261462,0.8,-0.0002555106773981519,True,28.899745407005003,22.066013085478506
2025-07-09,KGS_RUB,2025-07-09,0.893862,0.0,1.0,-0.0031860594009940346,True,36.168894079847234,23.25184628099784
2025-07-09,KZT_RUB,2025-07-09,0.150465,0.0,0.9,-0.002942170447090664,False,230.28611304954615,-0.9780164686596645
2025-07-09,UZS_RUB,2025-07-09,0.00616627,0.0,0.95,-0.0017532499069142782,False,105.94735553259869,48.651009792604846
2025-07-16,AMD_RUB,2025-07-16,0.202953,0.0003894042607726078,0.85,-0.0025016956483274733,True,0.0,50.22961207920062
2025-07-16,KGS_RUB,2025-07-16,0.891463,0.0009364168469698786,0.9,-0.002683859477190076,True,0.0,49.84188257374738
2025-07-16,UZS_RUB,2025-07-16,0.00613887,0.0,1.0,-0.004443529070248253,True,61.78661545202986,81.17331142900947
2025-07-23,KGS_RUB,2025-07-23,0.892947,0.0026026549775495234,0.8,0.0016646792968413315,True,0.0,125.7032095607259
2025-08-05,KZT_RUB,2025-08-05,0.146664,0.004204039712426999,0.9,0.004204039712426999,True,0.0,87.34878104357716
2025-08-14,KZT_RUB,2025-08-14,0.146791,0.0008659248349971449,0.8,-0.01604718973087116,True,0.0,105.7403897539907
2025-08-26,TJS_RUB,2025-08-26,8.44427,0.0,0.85,-0.0177209388351921,True,91.76636938420867,78.37277625304239
2025-10-01,KZT_RUB,2025-10-01,0.150528,0.0,0.85,-0.01996171725458029,False,200.09566326530526,89.8907473005012
2025-10-02,AMD_RUB,2025-10-02,0.21293,0.0,0.9,-0.02975043174351466,True,75.47081200394483,124.59948744994414
2025-10-02,KGS_RUB,2025-10-02,0.931923,0.0,0.9,-0.02970271257981938,True,59.89765248845641,127.0503185187343
2025-10-02,TJS_RUB,2025-10-02,8.68363,0.0,0.85,-0.026538166621077997,True,48.76992686238447,147.23211787775875
2025-10-09,AMD_RUB,2025-10-09,0.213058,0.008210180623973606,0.9,0.0006011365237401645,False,330.1917787644672,-16.402907525613763
2025-10-09,KGS_RUB,2025-10-09,0.932508,0.006657375631651918,0.9,0.0006277342655993667,False,332.17945583308676,-17.192644269610348
2025-10-10,UZS_RUB,2025-10-10,0.00674371,0.005963844009230668,0.85,0.005963844009230668,False,414.1044024728227,-51.43540618916974
2025-10-14,TJS_RUB,2025-10-14,8.72653,0.009865436601985023,0.9,-0.020631040721138083,False,231.48949238700786,34.69964747320158
2025-10-15,KZT_RUB,2025-10-15,0.148686,0.007931343040754824,0.9,-0.00978322400186471,False,155.83175282138288,92.22991668654983
2025-10-28,AMD_RUB,2025-10-28,0.206388,0.0017716468549626718,0.95,-0.028387424794508953,True,0.0,227.96429338013388
2025-10-28,KGS_RUB,2025-10-28,0.9032,0.0018501839091680239,0.95,-0.02917213061891344,True,0.0,227.8509134160757
2025-10-28,KZT_RUB,2025-10-28,0.146776,0.002780643442258812,0.9,-0.032439665912971316,True,0.0,297.7566110252502
2025-10-28,TJS_RUB,2025-10-28,8.47804,0.0,1.0,-0.03967577033429959,True,0.0,290.07260895843194
2025-10-28,UZS_RUB,2025-10-28,0.00651832,0.008333268878249589,0.9,-0.02990219131925631,True,0.0,271.7221549552925
2025-11-24,AMD_RUB,2025-11-22,0.207082,0.0,0.95,-0.024619775892684714,False,188.08974222771567,47.559184648687285
2025-11-24,KGS_RUB,2025-11-22,0.903655,0.0,0.95,-0.025922089289352357,False,197.59753445728717,47.594583161532576
2025-11-24,TJS_RUB,2025-11-22,8.50559,0.0,0.95,-0.027127588999354968,False,175.17891175097688,56.67975761592027
2025-11-24,UZS_RUB,2025-11-22,0.00663255,0.0,0.85,-0.02016386370888623,False,188.91678162999156,24.714129186829453
2025-11-26,KZT_RUB,2025-11-26,0.151855,0.0,0.8,-0.01802862075877998,True,65.25962266635882,63.164763092409835
2025-12-10,AMD_RUB,2025-12-10,0.201248,0.00896926185331326,0.95,-0.009542933356956884,True,0.0,199.86105172159546
2025-12-10,KGS_RUB,2025-12-10,0.878312,0.009391592157583784,0.95,-0.008452256098731237,True,0.0,196.77665163610862
2025-12-10,KZT_RUB,2025-12-10,0.151108,0.0016173507264820586,0.9,0.001590794601903589,True,0.0,112.20900395384652
2025-12-10,UZS_RUB,2025-12-10,0.00640599,0.00713136906249856,0.95,-0.016268602395910214,True,0.0,199.07008827670154
2025-12-26,UZS_RUB,2025-12-26,0.0064482,0.0,0.9,-0.03139312532765326,True,12.26698923730632,158.14236774196522
2025-12-29,KZT_RUB,2025-12-27,0.151503,0.0,0.8,-0.036142355456025954,True,0.0,186.15854708051788
2025-12-30,AMD_RUB,2025-12-30,0.203027,0.0,0.8,-0.023448547873517245,True,0.0,139.180270806904
2026-01-16,TJS_RUB,2026-01-16,8.40492,0.0035665458713680653,0.8,0.0035665458713680653,False,344.3459307167704,-64.58777820506495
2026-01-19,KGS_RUB,2026-01-17,0.890031,0.004549661399548599,0.85,-0.005397486313516886,False,245.1712356086471,-46.01981044804531
2026-01-19,KZT_RUB,2026-01-17,0.15233,0.005458637782750131,0.8,-0.01708629611944934,False,148.62469638285225,26.245982662311956
2026-01-20,UZS_RUB,2026-01-20,0.00645208,0.0018306629049311685,0.85,-0.009219731823123634,False,341.05280777671607,-56.525505057812374
2026-01-22,AMD_RUB,2026-01-22,0.204452,0.007018770902392113,0.85,-0.010334628994079997,False,217.16588734764147,-60.02755939551135
2026-01-23,KZT_RUB,2026-01-23,0.150066,0.0,1.0,-0.02457636482999348,True,0.0,120.5576953341235
2026-01-30,KZT_RUB,2026-01-30,0.150873,0.005377633841110008,0.9,0.005377633841110008,True,23.993690057200507,83.46789249831141
2026-02-06,UZS_RUB,2026-02-06,0.00623416,0.006350467003076732,0.9,0.00034178269360052305,True,0.0,56.40740446492413
2026-02-17,TJS_RUB,2026-02-17,8.11121,0.0,0.9,-0.020714059772202198,True,66.09371474786012,51.94863597526036
2026-02-25,TJS_RUB,2026-02-25,8.09736,0.004934471803018203,0.9,-0.0017075134289458171,True,35.92528923007012,36.08394848786426
2026-02-26,KGS_RUB,2026-02-26,0.874417,0.00414096744299286,0.8,-0.003532695093086513,True,0.0,96.57570942581397
2026-03-03,TJS_RUB,2026-03-03,8.09998,0.005259630659253389,0.8,-0.0018964015195856998,True,0.0,75.43446920392915
2026-04-07,AMD_RUB,2026-04-07,0.209037,0.0,0.95,-0.029224910602331233,False,389.06987758148085,11.861232903828366
2026-04-07,KGS_RUB,2026-04-07,0.90026,0.0,1.0,-0.03158592246534353,False,443.69404394286073,4.847042194010112
2026-04-07,TJS_RUB,2026-04-07,8.22213,0.0,0.95,-0.029259878440984433,False,350.3714974100384,34.971869737462896
2026-04-07,UZS_RUB,2026-04-07,0.00646616,0.0,1.0,-0.028772612846439838,False,455.52538137008696,5.497407150749251
2026-04-10,KZT_RUB,2026-04-10,0.16376,0.0,0.9,-0.03152167484771429,False,367.97752808988616,47.83692037887812
2026-04-21,AMD_RUB,2026-04-21,0.201789,0.004405088997730289,0.95,-0.007075831459402493,True,79.14207414675663,39.9008589637682
2026-04-21,KGS_RUB,2026-04-21,0.860343,3.1383817109098544e-05,0.95,-0.01327080423069249,True,85.86110423400808,51.6326961116045
2026-04-21,TJS_RUB,2026-04-21,7.95519,0.002664465184867737,0.95,-0.007961062622287352,True,80.06094134772425,46.058558558556356
2026-04-21,UZS_RUB,2026-04-21,0.00621931,0.007728939450159622,0.95,-0.010923982188295267,True,55.81004966788829,60.464226753104306
2026-04-22,KZT_RUB,2026-04-22,0.158874,0.007227357449883787,0.95,-0.005327907340742066,True,0.0,149.64979756666543
2026-04-28,AMD_RUB,2026-04-28,0.201335,0.005709518861892526,0.85,-0.0022498748692941772,True,10.827724936051654,46.4432690806912
2026-04-28,KGS_RUB,2026-04-28,0.855627,0.003131462818715125,0.95,-0.005481534690233936,True,23.853852204290778,48.96221742150848
2026-04-28,TJS_RUB,2026-04-28,7.93939,0.0060685547741241574,0.85,-0.001986124781431897,True,15.164893020749348,48.7686001575215
2026-04-28,UZS_RUB,2026-04-28,0.00619633,0.004005437803101586,0.9,-0.0036949436513052936,True,59.599795362739115,80.83419739122475
2026-05-08,KGS_RUB,2026-05-08,0.853586,0.0,0.95,-0.0033673100050205518,False,203.43585766401938,-39.44693196938984
2026-05-08,UZS_RUB,2026-05-08,0.0061594,0.0,1.0,-0.014998744640735362,False,137.56210020456518,27.027414622007356
2026-05-11,KZT_RUB,2026-05-09,0.160325,0.0,0.8,-0.010742536991102392,False,622.6726960860747,-106.1121893792365
2026-05-11,TJS_RUB,2026-05-09,7.93162,0.0005386415384711629,0.85,-0.0031683471935431973,False,399.75440074032707,-56.92507276543429
2026-05-13,AMD_RUB,2026-05-13,0.200173,0.0,1.0,-0.016155509682492908,False,386.41575037592446,-48.523498243265905
2026-05-28,AMD_RUB,2026-05-28,0.19264,0.001049688730915932,0.95,-0.001187334408328966,True,0.0,132.22839321122197
2026-05-28,KGS_RUB,2026-05-28,0.810763,0.0015688832392621865,0.95,-0.0007000841826578785,True,0.0,135.52539206540618
2026-05-28,KZT_RUB,2026-05-28,0.14849,0.0,1.0,-0.012318580303574467,False,149.3703279682132,111.732109306251
2026-05-28,TJS_RUB,2026-05-28,7.66334,0.006407469909580854,0.85,0.006407469909580854,True,0.0,106.36159228113537
2026-05-28,UZS_RUB,2026-05-28,0.00590748,0.005480589861249108,0.9,0.005480589861249108,True,0.0,149.91052055764303
2026-06-01,AMD_RUB,2026-05-30,0.192901,0.002405969714921019,0.85,-0.003188333901755991,True,0.0,133.3545397683989
2026-06-01,KGS_RUB,2026-05-30,0.812149,0.00328106604998446,0.85,-0.002619485632741392,True,0.0,135.22990755875188
2026-06-01,UZS_RUB,2026-05-30,0.00591758,0.007199656867417525,0.8,-0.004473290636034966,True,0.0,156.34928769900876
2026-06-10,TJS_RUB,2026-06-10,7.66882,0.0007150928968309156,0.8,-0.022369137296045838,True,0.0,166.4084801597369
2026-06-11,KZT_RUB,2026-06-11,0.146446,0.0011895646466855148,0.95,-0.015323583795595952,True,0.0,159.65696326997252
2026-06-17,KZT_RUB,2026-06-17,0.146812,0.0024992147276130527,0.9,-0.023232914626357237,True,0.0,225.26841220200686
