corridor,model,feature,importance,rank
AMD_RUB,DIRECT_GRADIENT_BOOSTING,vol_20,0.2881075082540817,1
AMD_RUB,DIRECT_GRADIENT_BOOSTING,reversal_strength,0.27504335742408703,2
AMD_RUB,DIRECT_GRADIENT_BOOSTING,vol_5,0.07881891418330939,3
AMD_RUB,DIRECT_GRADIENT_BOOSTING,dist_min_20,0.04951053464289435,4
AMD_RUB,DIRECT_GRADIENT_BOOSTING,broad_rub_return_3,0.04806014851893261,5
AMD_RUB,DIRECT_GRADIENT_BOOSTING,ret_1,0.047033955041371305,6
AMD_RUB,DIRECT_GRADIENT_BOOSTING,dist_sma_20,0.04691471852867536,7
AMD_RUB,DIRECT_GRADIENT_BOOSTING,ret_5,0.03772021955804718,8
AMD_RUB,DIRECT_GRADIENT_BOOSTING,broad_rub_return_1,0.03567890440732467,9
AMD_RUB,DIRECT_GRADIENT_BOOSTING,broad_rub_return_5,0.02936097695463675,10
AMD_RUB,DIRECT_GRADIENT_BOOSTING,favourability_percentile_90,0.024644877711997852,11
AMD_RUB,DIRECT_GRADIENT_BOOSTING,ret_3,0.02216256204770193,12
AMD_RUB,DIRECT_GRADIENT_BOOSTING,corridor_specific_return_1,0.016546138502937062,13
AMD_RUB,DIRECT_GRADIENT_BOOSTING,return_sign_reversal_up,0.0003971842240028334,14
AMD_RUB,DIRECT_GRADIENT_BOOSTING,near_min_reversal_010,0.0,15
AMD_RUB,DIRECT_RIDGE,vol_5,0.005566794854176975,1
AMD_RUB,DIRECT_RIDGE,vol_20,0.0054828328051526294,2
AMD_RUB,DIRECT_RIDGE,broad_rub_return_5,0.005196675724586713,3
AMD_RUB,DIRECT_RIDGE,ret_5,0.0033923477109555162,4
AMD_RUB,DIRECT_RIDGE,broad_rub_return_3,0.003317093448751292,5
AMD_RUB,DIRECT_RIDGE,dist_min_20,0.0027533863897746523,6
AMD_RUB,DIRECT_RIDGE,ret_3,0.0027215783461086206,7
AMD_RUB,DIRECT_RIDGE,favourability_percentile_90,0.0018495406958469005,8
AMD_RUB,DIRECT_RIDGE,dist_sma_20,0.0009534919507663204,9
AMD_RUB,DIRECT_RIDGE,near_min_reversal_010,0.0009087489832222701,10
AMD_RUB,DIRECT_RIDGE,reversal_strength,0.0006934739572345647,11
AMD_RUB,DIRECT_RIDGE,return_sign_reversal_up,0.0004317138408854571,12
AMD_RUB,DIRECT_RIDGE,corridor_specific_return_1,0.0004107654274809006,13
AMD_RUB,DIRECT_RIDGE,broad_rub_return_1,0.0003135272913085244,14
AMD_RUB,DIRECT_RIDGE,ret_1,0.0002381167660957685,15
KGS_RUB,DIRECT_GRADIENT_BOOSTING,vol_20,0.3021209266586729,1
KGS_RUB,DIRECT_GRADIENT_BOOSTING,dist_sma_20,0.13174086358653386,2
KGS_RUB,DIRECT_GRADIENT_BOOSTING,reversal_strength,0.09010033280698596,3
KGS_RUB,DIRECT_GRADIENT_BOOSTING,broad_rub_return_3,0.0695789759626795,4
KGS_RUB,DIRECT_GRADIENT_BOOSTING,vol_5,0.06688847732113337,5
KGS_RUB,DIRECT_GRADIENT_BOOSTING,dist_min_20,0.06520845946081896,6
KGS_RUB,DIRECT_GRADIENT_BOOSTING,broad_rub_return_1,0.06446352337934505,7
KGS_RUB,DIRECT_GRADIENT_BOOSTING,ret_5,0.062018463644561275,8
KGS_RUB,DIRECT_GRADIENT_BOOSTING,ret_3,0.05553295894276199,9
KGS_RUB,DIRECT_GRADIENT_BOOSTING,broad_rub_return_5,0.0404714566359312,10
KGS_RUB,DIRECT_GRADIENT_BOOSTING,corridor_specific_return_1,0.021057726311880128,11
KGS_RUB,DIRECT_GRADIENT_BOOSTING,ret_1,0.01854156094038959,12
KGS_RUB,DIRECT_GRADIENT_BOOSTING,favourability_percentile_90,0.01221721622940029,13
KGS_RUB,DIRECT_GRADIENT_BOOSTING,return_sign_reversal_up,5.905811890585655e-05,14
KGS_RUB,DIRECT_GRADIENT_BOOSTING,near_min_reversal_010,0.0,15
KGS_RUB,DIRECT_RIDGE,vol_20,0.006007390206729993,1
KGS_RUB,DIRECT_RIDGE,dist_sma_20,0.005653819540200254,2
KGS_RUB,DIRECT_RIDGE,broad_rub_return_5,0.004533374623997016,3
KGS_RUB,DIRECT_RIDGE,vol_5,0.0034952056173530926,4
KGS_RUB,DIRECT_RIDGE,broad_rub_return_3,0.0030813788053383035,5
KGS_RUB,DIRECT_RIDGE,favourability_percentile_90,0.0030770333063424166,6
KGS_RUB,DIRECT_RIDGE,ret_5,0.0029633743898653158,7
KGS_RUB,DIRECT_RIDGE,ret_3,0.002842240047423298,8
KGS_RUB,DIRECT_RIDGE,dist_min_20,0.002409868940029783,9
KGS_RUB,DIRECT_RIDGE,near_min_reversal_010,0.0013990398102740216,10
KGS_RUB,DIRECT_RIDGE,corridor_specific_return_1,0.0011787604360993487,11
KGS_RUB,DIRECT_RIDGE,reversal_strength,0.000980441647809477,12
KGS_RUB,DIRECT_RIDGE,return_sign_reversal_up,0.0006777755259272881,13
KGS_RUB,DIRECT_RIDGE,ret_1,0.000652891248521844,14
KGS_RUB,DIRECT_RIDGE,broad_rub_return_1,0.0005017589458540036,15
KZT_RUB,DIRECT_GRADIENT_BOOSTING,vol_20,0.2795805041306073,1
KZT_RUB,DIRECT_GRADIENT_BOOSTING,broad_rub_return_5,0.203126593432965,2
KZT_RUB,DIRECT_GRADIENT_BOOSTING,dist_sma_20,0.12933720542333488,3
KZT_RUB,DIRECT_GRADIENT_BOOSTING,reversal_strength,0.07035845566625157,4
KZT_RUB,DIRECT_GRADIENT_BOOSTING,vol_5,0.06703338591630544,5
KZT_RUB,DIRECT_GRADIENT_BOOSTING,broad_rub_return_3,0.04845378146825504,6
KZT_RUB,DIRECT_GRADIENT_BOOSTING,corridor_specific_return_1,0.038600822017372985,7
KZT_RUB,DIRECT_GRADIENT_BOOSTING,dist_min_20,0.03668276541517494,8
KZT_RUB,DIRECT_GRADIENT_BOOSTING,ret_3,0.03439397374633514,9
KZT_RUB,DIRECT_GRADIENT_BOOSTING,broad_rub_return_1,0.03178357933294489,10
KZT_RUB,DIRECT_GRADIENT_BOOSTING,ret_1,0.021746526489501136,11
KZT_RUB,DIRECT_GRADIENT_BOOSTING,ret_5,0.020942998811801915,12
KZT_RUB,DIRECT_GRADIENT_BOOSTING,favourability_percentile_90,0.014478565245835887,13
KZT_RUB,DIRECT_GRADIENT_BOOSTING,return_sign_reversal_up,0.003480842903313895,14
KZT_RUB,DIRECT_GRADIENT_BOOSTING,near_min_reversal_010,0.0,15
KZT_RUB,DIRECT_RIDGE,vol_20,0.007574467638507809,1
KZT_RUB,DIRECT_RIDGE,dist_sma_20,0.007059328314344656,2
KZT_RUB,DIRECT_RIDGE,broad_rub_return_5,0.005765789566752675,3
KZT_RUB,DIRECT_RIDGE,favourability_percentile_90,0.0032142455603965787,4
KZT_RUB,DIRECT_RIDGE,ret_5,0.002927967845088408,5
KZT_RUB,DIRECT_RIDGE,reversal_strength,0.002401748852024362,6
KZT_RUB,DIRECT_RIDGE,broad_rub_return_3,0.0021037371325180964,7
KZT_RUB,DIRECT_RIDGE,vol_5,0.0018832865813206035,8
KZT_RUB,DIRECT_RIDGE,dist_min_20,0.0016612666621965248,9
KZT_RUB,DIRECT_RIDGE,broad_rub_return_1,0.0008489062168007047,10
KZT_RUB,DIRECT_RIDGE,ret_1,0.0007067857665156776,11
KZT_RUB,DIRECT_RIDGE,ret_3,0.0006702697333347829,12
KZT_RUB,DIRECT_RIDGE,near_min_reversal_010,0.0003515153214025215,13
KZT_RUB,DIRECT_RIDGE,corridor_specific_return_1,0.00033730876097232853,14
KZT_RUB,DIRECT_RIDGE,return_sign_reversal_up,0.00019044306244523092,15
TJS_RUB,DIRECT_GRADIENT_BOOSTING,vol_20,0.3307098539785508,1
TJS_RUB,DIRECT_GRADIENT_BOOSTING,corridor_specific_return_1,0.15861630651465544,2
TJS_RUB,DIRECT_GRADIENT_BOOSTING,reversal_strength,0.13048918045592478,3
TJS_RUB,DIRECT_GRADIENT_BOOSTING,broad_rub_return_1,0.06810468176718916,4
TJS_RUB,DIRECT_GRADIENT_BOOSTING,broad_rub_return_5,0.0665013009441668,5
TJS_RUB,DIRECT_GRADIENT_BOOSTING,ret_1,0.04138005355708403,6
TJS_RUB,DIRECT_GRADIENT_BOOSTING,dist_min_20,0.040491126095157856,7
TJS_RUB,DIRECT_GRADIENT_BOOSTING,dist_sma_20,0.03723489762943515,8
TJS_RUB,DIRECT_GRADIENT_BOOSTING,broad_rub_return_3,0.0364180358455888,9
TJS_RUB,DIRECT_GRADIENT_BOOSTING,ret_3,0.03384597566362062,10
TJS_RUB,DIRECT_GRADIENT_BOOSTING,vol_5,0.02418034543852805,11
TJS_RUB,DIRECT_GRADIENT_BOOSTING,ret_5,0.01666862227192013,12
TJS_RUB,DIRECT_GRADIENT_BOOSTING,favourability_percentile_90,0.01502584129098243,13
TJS_RUB,DIRECT_GRADIENT_BOOSTING,return_sign_reversal_up,0.00033377854719598255,14
TJS_RUB,DIRECT_GRADIENT_BOOSTING,near_min_reversal_010,0.0,15
TJS_RUB,DIRECT_RIDGE,vol_20,0.006856960549987974,1
TJS_RUB,DIRECT_RIDGE,vol_5,0.0036301234904741117,2
TJS_RUB,DIRECT_RIDGE,ret_5,0.0035276768955818097,3
TJS_RUB,DIRECT_RIDGE,corridor_specific_return_1,0.0026180224742626485,4
TJS_RUB,DIRECT_RIDGE,dist_sma_20,0.002528628981576843,5
TJS_RUB,DIRECT_RIDGE,dist_min_20,0.0025044411702466224,6
TJS_RUB,DIRECT_RIDGE,broad_rub_return_1,0.001854112652135737,7
TJS_RUB,DIRECT_RIDGE,ret_3,0.0014619138324872755,8
TJS_RUB,DIRECT_RIDGE,broad_rub_return_5,0.0013371424785208453,9
TJS_RUB,DIRECT_RIDGE,broad_rub_return_3,0.0012905721858889807,10
TJS_RUB,DIRECT_RIDGE,reversal_strength,0.0010868638979463648,11
TJS_RUB,DIRECT_RIDGE,favourability_percentile_90,0.0010386740255888785,12
TJS_RUB,DIRECT_RIDGE,ret_1,0.0004713493644391886,13
TJS_RUB,DIRECT_RIDGE,near_min_reversal_010,0.00021053087411007027,14
TJS_RUB,DIRECT_RIDGE,return_sign_reversal_up,0.00018543771965516534,15
UZS_RUB,DIRECT_GRADIENT_BOOSTING,vol_20,0.32196399420098565,1
UZS_RUB,DIRECT_GRADIENT_BOOSTING,reversal_strength,0.15563570087605993,2
UZS_RUB,DIRECT_GRADIENT_BOOSTING,vol_5,0.08088823799014372,3
UZS_RUB,DIRECT_GRADIENT_BOOSTING,dist_sma_20,0.07433333687156832,4
UZS_RUB,DIRECT_GRADIENT_BOOSTING,broad_rub_return_3,0.06844301525900591,5
UZS_RUB,DIRECT_GRADIENT_BOOSTING,broad_rub_return_1,0.04815082161963481,6
UZS_RUB,DIRECT_GRADIENT_BOOSTING,dist_min_20,0.04801063394467999,7
UZS_RUB,DIRECT_GRADIENT_BOOSTING,broad_rub_return_5,0.04756659283278068,8
UZS_RUB,DIRECT_GRADIENT_BOOSTING,ret_5,0.041952396358805016,9
UZS_RUB,DIRECT_GRADIENT_BOOSTING,ret_1,0.03995014729606193,10
UZS_RUB,DIRECT_GRADIENT_BOOSTING,favourability_percentile_90,0.027063734400019475,11
UZS_RUB,DIRECT_GRADIENT_BOOSTING,corridor_specific_return_1,0.0255287624332332,12
UZS_RUB,DIRECT_GRADIENT_BOOSTING,ret_3,0.020449103933441508,13
UZS_RUB,DIRECT_GRADIENT_BOOSTING,return_sign_reversal_up,6.342098696929279e-05,14
UZS_RUB,DIRECT_GRADIENT_BOOSTING,near_min_reversal_010,1.0099661056894796e-07,15
UZS_RUB,DIRECT_RIDGE,vol_20,0.005907468847351667,1
UZS_RUB,DIRECT_RIDGE,vol_5,0.005602600705745745,2
UZS_RUB,DIRECT_RIDGE,dist_min_20,0.005045605611887034,3
UZS_RUB,DIRECT_RIDGE,broad_rub_return_5,0.002838421015487618,4
UZS_RUB,DIRECT_RIDGE,favourability_percentile_90,0.0022003305167466966,5
UZS_RUB,DIRECT_RIDGE,broad_rub_return_3,0.001460115669509026,6
UZS_RUB,DIRECT_RIDGE,near_min_reversal_010,0.000821946581048491,7
UZS_RUB,DIRECT_RIDGE,reversal_strength,0.0007887396043992762,8
UZS_RUB,DIRECT_RIDGE,dist_sma_20,0.0006782805159614538,9
UZS_RUB,DIRECT_RIDGE,ret_5,0.000591069913580147,10
UZS_RUB,DIRECT_RIDGE,return_sign_reversal_up,0.0005174042945477883,11
UZS_RUB,DIRECT_RIDGE,broad_rub_return_1,0.0003467030164845604,12
UZS_RUB,DIRECT_RIDGE,corridor_specific_return_1,0.0003338309758308522,13
UZS_RUB,DIRECT_RIDGE,ret_3,0.0002788635862267438,14
UZS_RUB,DIRECT_RIDGE,ret_1,0.00023532301879119832,15
