corridor,horizon,model,params,MAE,RMSE,DA,n_validation
AMD_RUB,1,DIRECT_GRADIENT_BOOSTING,"{""learning_rate"": 0.05, ""max_depth"": 2, ""n_estimators"": 100}",0.0016735788230179656,0.002449238564679389,0.5620437956204379,274
AMD_RUB,1,DIRECT_RIDGE,"{""alpha"": 0.1}",0.0016721457594924332,0.0024449269991055687,0.5620437956204379,274
AMD_RUB,2,DIRECT_GRADIENT_BOOSTING,"{""learning_rate"": 0.03, ""max_depth"": 3, ""n_estimators"": 100}",0.0027342042045967255,0.0039093396726407525,0.48905109489051096,274
AMD_RUB,2,DIRECT_RIDGE,"{""alpha"": 1.0}",0.0027027060316987712,0.003876081151925743,0.5802919708029197,274
AMD_RUB,3,DIRECT_GRADIENT_BOOSTING,"{""learning_rate"": 0.03, ""max_depth"": 2, ""n_estimators"": 100}",0.0034216820471635405,0.00486231276175317,0.45985401459854014,274
AMD_RUB,3,DIRECT_RIDGE,"{""alpha"": 100.0}",0.003422794627604039,0.004885876067772215,0.5145985401459854,274
AMD_RUB,4,DIRECT_GRADIENT_BOOSTING,"{""learning_rate"": 0.03, ""max_depth"": 2, ""n_estimators"": 100}",0.003872803638133213,0.005531078839402092,0.48905109489051096,274
AMD_RUB,4,DIRECT_RIDGE,"{""alpha"": 100.0}",0.003929957009554969,0.0056154897974866605,0.5182481751824818,274
AMD_RUB,5,DIRECT_GRADIENT_BOOSTING,"{""learning_rate"": 0.03, ""max_depth"": 2, ""n_estimators"": 100}",0.004279372816652909,0.006168260884900358,0.48175182481751827,274
AMD_RUB,5,DIRECT_RIDGE,"{""alpha"": 100.0}",0.004301811158398217,0.006273619408718898,0.5255474452554745,274
KGS_RUB,1,DIRECT_GRADIENT_BOOSTING,"{""learning_rate"": 0.03, ""max_depth"": 2, ""n_estimators"": 100}",0.007445623352990667,0.011134329059031386,0.5875912408759124,274
KGS_RUB,1,DIRECT_RIDGE,"{""alpha"": 100.0}",0.007398688169173611,0.010823561054846165,0.5802919708029197,274
KGS_RUB,2,DIRECT_GRADIENT_BOOSTING,"{""learning_rate"": 0.05, ""max_depth"": 3, ""n_estimators"": 100}",0.011979416070340445,0.017263849381614984,0.5401459854014599,274
KGS_RUB,2,DIRECT_RIDGE,"{""alpha"": 100.0}",0.012057334055845982,0.01702464867670294,0.5291970802919708,274
KGS_RUB,3,DIRECT_GRADIENT_BOOSTING,"{""learning_rate"": 0.03, ""max_depth"": 2, ""n_estimators"": 100}",0.01528090328279922,0.021701259572034115,0.4306569343065693,274
KGS_RUB,3,DIRECT_RIDGE,"{""alpha"": 100.0}",0.015178543349593872,0.020734260305559492,0.5109489051094891,274
KGS_RUB,4,DIRECT_GRADIENT_BOOSTING,"{""learning_rate"": 0.03, ""max_depth"": 2, ""n_estimators"": 100}",0.017348548281367896,0.024605204169819244,0.4197080291970803,274
KGS_RUB,4,DIRECT_RIDGE,"{""alpha"": 100.0}",0.017401934880343434,0.02359382985849792,0.5255474452554745,274
KGS_RUB,5,DIRECT_GRADIENT_BOOSTING,"{""learning_rate"": 0.03, ""max_depth"": 2, ""n_estimators"": 100}",0.01893145848718399,0.027327466990600725,0.4416058394160584,274
KGS_RUB,5,DIRECT_RIDGE,"{""alpha"": 100.0}",0.018788476278135374,0.026219236328036126,0.5291970802919708,274
KZT_RUB,1,DIRECT_GRADIENT_BOOSTING,"{""learning_rate"": 0.03, ""max_depth"": 2, ""n_estimators"": 100}",0.001558829976995333,0.0022633872377239793,0.46715328467153283,274
KZT_RUB,1,DIRECT_RIDGE,"{""alpha"": 100.0}",0.0015583619136898621,0.002285102503005893,0.5985401459854015,274
KZT_RUB,2,DIRECT_GRADIENT_BOOSTING,"{""learning_rate"": 0.03, ""max_depth"": 2, ""n_estimators"": 100}",0.0024363707831221294,0.0034372959369459942,0.45985401459854014,274
KZT_RUB,2,DIRECT_RIDGE,"{""alpha"": 0.1}",0.0023406579275095556,0.0033530447454136396,0.6167883211678832,274
KZT_RUB,3,DIRECT_GRADIENT_BOOSTING,"{""learning_rate"": 0.03, ""max_depth"": 3, ""n_estimators"": 100}",0.002863437766454229,0.0040903665485901,0.42700729927007297,274
KZT_RUB,3,DIRECT_RIDGE,"{""alpha"": 100.0}",0.002752613892710658,0.00400110167477187,0.5802919708029197,274
KZT_RUB,4,DIRECT_GRADIENT_BOOSTING,"{""learning_rate"": 0.03, ""max_depth"": 2, ""n_estimators"": 100}",0.0031755677373866455,0.004593273909515253,0.43795620437956206,274
KZT_RUB,4,DIRECT_RIDGE,"{""alpha"": 100.0}",0.003064114918863758,0.00444188824110007,0.6277372262773723,274
KZT_RUB,5,DIRECT_GRADIENT_BOOSTING,"{""learning_rate"": 0.03, ""max_depth"": 2, ""n_estimators"": 100}",0.003549827521387293,0.005095002342253266,0.4233576642335766,274
KZT_RUB,5,DIRECT_RIDGE,"{""alpha"": 100.0}",0.0033013048059233594,0.004772101150502152,0.6240875912408759,274
TJS_RUB,1,DIRECT_GRADIENT_BOOSTING,"{""learning_rate"": 0.03, ""max_depth"": 2, ""n_estimators"": 100}",0.06352293373836151,0.09366387790636325,0.5766423357664233,274
TJS_RUB,1,DIRECT_RIDGE,"{""alpha"": 100.0}",0.06600479998848795,0.09542251818811133,0.5437956204379562,274
TJS_RUB,2,DIRECT_GRADIENT_BOOSTING,"{""learning_rate"": 0.03, ""max_depth"": 2, ""n_estimators"": 100}",0.10373922385802499,0.1477988835709305,0.4854014598540146,274
TJS_RUB,2,DIRECT_RIDGE,"{""alpha"": 100.0}",0.10348999649142115,0.14631012128259235,0.551094890510949,274
TJS_RUB,3,DIRECT_GRADIENT_BOOSTING,"{""learning_rate"": 0.03, ""max_depth"": 2, ""n_estimators"": 100}",0.13046621049544388,0.18324759415353478,0.5036496350364964,274
TJS_RUB,3,DIRECT_RIDGE,"{""alpha"": 100.0}",0.13058935648976247,0.18041243186190015,0.5328467153284672,274
TJS_RUB,4,DIRECT_GRADIENT_BOOSTING,"{""learning_rate"": 0.03, ""max_depth"": 2, ""n_estimators"": 100}",0.14529473505008245,0.20800111222902376,0.5255474452554745,274
TJS_RUB,4,DIRECT_RIDGE,"{""alpha"": 100.0}",0.14891248237873395,0.20705531619346745,0.5474452554744526,274
TJS_RUB,5,DIRECT_GRADIENT_BOOSTING,"{""learning_rate"": 0.03, ""max_depth"": 2, ""n_estimators"": 100}",0.15976153808196336,0.23233778865662394,0.551094890510949,274
TJS_RUB,5,DIRECT_RIDGE,"{""alpha"": 100.0}",0.16225250703434288,0.2297890938469113,0.5802919708029197,274
UZS_RUB,1,DIRECT_GRADIENT_BOOSTING,"{""learning_rate"": 0.05, ""max_depth"": 2, ""n_estimators"": 100}",5.190023600565457e-05,7.559615477970102e-05,0.583941605839416,274
UZS_RUB,1,DIRECT_RIDGE,"{""alpha"": 100.0}",5.232510726939343e-05,7.485962841683014e-05,0.551094890510949,274
UZS_RUB,2,DIRECT_GRADIENT_BOOSTING,"{""learning_rate"": 0.03, ""max_depth"": 2, ""n_estimators"": 200}",8.470942815605497e-05,0.00012014852539264156,0.5474452554744526,274
UZS_RUB,2,DIRECT_RIDGE,"{""alpha"": 100.0}",8.44810834725692e-05,0.00011862405131694608,0.5802919708029197,274
UZS_RUB,3,DIRECT_GRADIENT_BOOSTING,"{""learning_rate"": 0.03, ""max_depth"": 3, ""n_estimators"": 100}",0.00010750218862701246,0.00014926906919659477,0.48905109489051096,274
UZS_RUB,3,DIRECT_RIDGE,"{""alpha"": 100.0}",0.00010644444242574948,0.00014669574737580918,0.5437956204379562,274
UZS_RUB,4,DIRECT_GRADIENT_BOOSTING,"{""learning_rate"": 0.03, ""max_depth"": 2, ""n_estimators"": 100}",0.00011953434284870622,0.00016743845867461986,0.4708029197080292,274
UZS_RUB,4,DIRECT_RIDGE,"{""alpha"": 100.0}",0.00012102671835410896,0.00016754344938993656,0.5583941605839416,274
UZS_RUB,5,DIRECT_GRADIENT_BOOSTING,"{""learning_rate"": 0.03, ""max_depth"": 2, ""n_estimators"": 100}",0.00012971959271958824,0.00018536911874000446,0.49635036496350365,274
UZS_RUB,5,DIRECT_RIDGE,"{""alpha"": 100.0}",0.00012997904489533456,0.00018533562630890436,0.6058394160583942,274
