metric_family,scope,signal_type,rows,true_positive,false_positive,false_negative,true_negative,predicted_positive,actual_positive,precision,recall,f_beta,beta,prevalence,random_precision,classification_lift,average_precision,scenario,h_days,signal_count,safety_count,safety_hits,safety_hit_rate,closing_confirmation_count,closing_confirmation_hits,closing_confirmation_hit_rate,benefit_count,benefit_mean_bps,benefit_median_bps,benefit_positive_share,estimated_mean_value_rub,random_safety_hit_rate_mean,random_safety_hit_rate_p05,random_safety_hit_rate_p95,random_closing_confirmation_hit_rate_mean,random_benefit_mean_bps,random_benefit_mean_bps_p05,random_benefit_mean_bps_p95,random_benefit_positive_share,safety_lift,closing_confirmation_lift,incremental_benefit_bps,safety_randomization_p,closing_confirmation_randomization_p,benefit_randomization_p
classification,PORTFOLIO,GOOD_DAY,840.0,20.0,27.0,183.0,610.0,47.0,203.0,0.425531914893617,0.09852216748768473,0.2557544757033248,0.5,0.24166666666666667,0.24166666666666667,1.760821716801174,0.5051398312929088,,,,,,,,,,,,,,,,,,,,,,,,,,,,
classification,PORTFOLIO,WINDOW_CLOSING,840.0,1.0,6.0,51.0,782.0,7.0,52.0,0.14285714285714285,0.019230769230769232,0.0625,0.5,0.06190476190476191,0.06190476190476191,2.3076923076923075,0.14066678904548952,,,,,,,,,,,,,,,,,,,,,,,,,,,,
classification,AMD_RUB,GOOD_DAY,168.0,4.0,6.0,40.0,118.0,10.0,44.0,0.4,0.09090909090909091,0.23809523809523808,0.5,0.2619047619047619,0.2619047619047619,1.5272727272727273,0.5434169988268427,,,,,,,,,,,,,,,,,,,,,,,,,,,,
classification,AMD_RUB,WINDOW_CLOSING,168.0,0.0,1.0,11.0,156.0,1.0,11.0,0.0,0.0,,0.5,0.06547619047619048,0.06547619047619048,0.0,0.1503345847789278,,,,,,,,,,,,,,,,,,,,,,,,,,,,
classification,KGS_RUB,GOOD_DAY,168.0,5.0,6.0,41.0,116.0,11.0,46.0,0.45454545454545453,0.10869565217391304,0.27777777777777773,0.5,0.27380952380952384,0.27380952380952384,1.660079051383399,0.5715681437534184,,,,,,,,,,,,,,,,,,,,,,,,,,,,
classification,KGS_RUB,WINDOW_CLOSING,168.0,0.0,1.0,8.0,159.0,1.0,8.0,0.0,0.0,,0.5,0.047619047619047616,0.047619047619047616,0.0,0.18158811880651682,,,,,,,,,,,,,,,,,,,,,,,,,,,,
classification,KZT_RUB,GOOD_DAY,168.0,2.0,4.0,22.0,140.0,6.0,24.0,0.3333333333333333,0.08333333333333333,0.20833333333333331,0.5,0.14285714285714285,0.14285714285714285,2.3333333333333335,0.29703827141381567,,,,,,,,,,,,,,,,,,,,,,,,,,,,
classification,KZT_RUB,WINDOW_CLOSING,168.0,0.0,0.0,13.0,155.0,0.0,13.0,,0.0,,0.5,0.07738095238095238,0.07738095238095238,,0.13454946927031097,,,,,,,,,,,,,,,,,,,,,,,,,,,,
classification,TJS_RUB,GOOD_DAY,168.0,6.0,6.0,45.0,111.0,12.0,51.0,0.5,0.11764705882352941,0.30303030303030304,0.5,0.30357142857142855,0.30357142857142855,1.647058823529412,0.5931320038871895,,,,,,,,,,,,,,,,,,,,,,,,,,,,
classification,TJS_RUB,WINDOW_CLOSING,168.0,0.0,2.0,10.0,156.0,2.0,10.0,0.0,0.0,,0.5,0.05952380952380952,0.05952380952380952,0.0,0.1924915374284355,,,,,,,,,,,,,,,,,,,,,,,,,,,,
classification,UZS_RUB,GOOD_DAY,168.0,3.0,5.0,35.0,125.0,8.0,38.0,0.375,0.07894736842105263,0.21428571428571427,0.5,0.2261904761904762,0.2261904761904762,1.6578947368421053,0.43422719848473224,,,,,,,,,,,,,,,,,,,,,,,,,,,,
classification,UZS_RUB,WINDOW_CLOSING,168.0,1.0,2.0,9.0,156.0,3.0,10.0,0.3333333333333333,0.1,0.22727272727272724,0.5,0.05952380952380952,0.05952380952380952,5.6,0.1678538590459742,,,,,,,,,,,,,,,,,,,,,,,,,,,,
factual_count,PORTFOLIO,POSITIVE_MARKET_FACT,840.0,66.0,,,,66.0,281.0,,,,0.5,0.3345238095238095,,,,,,,,,,,,,,,,,,,,,,,,,,,,,,,
factual_count,AMD_RUB,POSITIVE_MARKET_FACT,168.0,13.0,,,,13.0,55.0,,,,0.5,0.3273809523809524,,,,,,,,,,,,,,,,,,,,,,,,,,,,,,,
factual_count,KGS_RUB,POSITIVE_MARKET_FACT,168.0,13.0,,,,13.0,63.0,,,,0.5,0.375,,,,,,,,,,,,,,,,,,,,,,,,,,,,,,,
factual_count,KZT_RUB,POSITIVE_MARKET_FACT,168.0,15.0,,,,15.0,49.0,,,,0.5,0.2916666666666667,,,,,,,,,,,,,,,,,,,,,,,,,,,,,,,
factual_count,TJS_RUB,POSITIVE_MARKET_FACT,168.0,13.0,,,,13.0,62.0,,,,0.5,0.36904761904761907,,,,,,,,,,,,,,,,,,,,,,,,,,,,,,,
factual_count,UZS_RUB,POSITIVE_MARKET_FACT,168.0,12.0,,,,12.0,52.0,,,,0.5,0.30952380952380953,,,,,,,,,,,,,,,,,,,,,,,,,,,,,,,
outcome,AMD_RUB,,,,,,,,,,,,,,,,,good_now,1.0,10.0,10.0,9.0,0.9,,,,10.0,9.090264264698797,12.308153637981814,0.6,19.998581382337356,0.9145000000000002,0.8,1.0,,-0.06839167712303292,-18.14526025798362,17.601417676899427,0.4706,0.9841443411700381,,9.15865594182183,0.7932067932067932,,0.1878121878121878
outcome,AMD_RUB,,,,,,,,,,,,,,,,,good_now,3.0,10.0,10.0,8.0,0.8,,,,10.0,12.229941763204286,12.50130649167646,0.6,26.905871879049432,0.7881,0.6,1.0,,1.2183576794784712,-27.105298548629666,29.603355265654788,0.498,1.0150996066489024,,11.011584083725815,0.6393606393606394,,0.2677322677322677
outcome,AMD_RUB,,,,,,,,,,,,,,,,,good_now,5.0,10.0,10.0,6.0,0.6,,,,10.0,14.737629313552128,10.856789502114093,0.6,32.42278448981468,0.709,0.5,0.9,,1.9904520402048589,-32.72711765141561,36.671262526726764,0.4733,0.846262341325811,,12.747177273347269,0.8971028971028971,,0.25274725274725274
outcome,AMD_RUB,,,,,,,,,,,,,,,,,good_now,10.0,10.0,10.0,5.0,0.5,,,,10.0,19.003695970224932,13.74836953372306,0.7,41.80813113449485,0.6079,0.4,0.8,,3.0906677310193253,-43.95120886457188,49.1605607104644,0.5615999999999999,0.8225037012666557,,15.913028239205607,0.8881118881118881,,0.2837162837162837
outcome,AMD_RUB,,,,,,,,,,,,,,,,,good_now,20.0,10.0,10.0,5.0,0.5,,,,10.0,39.61042342586378,38.963635236738305,0.6,87.1429315369003,0.5446638888888888,0.3,0.7777777777777778,,11.92509125150921,-56.27505054672157,78.31771776993146,0.581786111111111,0.9179973378077204,,27.68533217435457,0.7232767232767233,,0.27672327672327673
outcome,AMD_RUB,,,,,,,,,,,,,,,,,positive_market_fact,1.0,13.0,13.0,12.0,0.9230769230769231,,,,13.0,16.407730034428628,15.392579572757622,0.8461538461538461,36.09700607574298,0.9160769230769231,0.7692307692307693,1.0,,-0.20086015772944815,-16.096255079411982,14.165480468392397,0.4667692307692308,1.0076412797044252,,16.608590192158076,0.7172827172827173,,0.022977022977022976
outcome,AMD_RUB,,,,,,,,,,,,,,,,,positive_market_fact,3.0,13.0,13.0,10.0,0.7692307692307693,,,,13.0,31.86123174621065,24.255524731171462,0.7692307692307693,70.09470984166343,0.7864615384615385,0.6153846153846154,0.9230769230769231,,1.1489702188642954,-24.59870499875402,25.57187555553034,0.4952307692307693,0.9780907668231611,,30.712261527346353,0.7042957042957043,,0.01898101898101898
outcome,AMD_RUB,,,,,,,,,,,,,,,,,positive_market_fact,5.0,13.0,13.0,9.0,0.6923076923076923,,,,13.0,48.17948423742439,49.97226735341279,0.6923076923076923,105.99486532233367,0.7097692307692307,0.5384615384615384,0.9230769230769231,,1.6399581370036667,-28.7674439584382,32.56528888319973,0.47061538461538466,0.9753982876341173,,46.53952610042072,0.6963036963036963,,0.003996003996003996
outcome,AMD_RUB,,,,,,,,,,,,,,,,,positive_market_fact,10.0,13.0,13.0,8.0,0.6153846153846154,,,,13.0,70.14021175365548,75.73341408438284,0.8461538461538461,154.30846585804204,0.6087692307692307,0.38461538461538464,0.7692307692307693,,2.347320131147647,-40.05069015710887,46.18239792265529,0.5614615384615385,1.0108668182966896,,67.79289162250784,0.6113886113886113,,0.001998001998001998
outcome,AMD_RUB,,,,,,,,,,,,,,,,,positive_market_fact,20.0,13.0,12.0,7.0,0.5833333333333334,,,,12.0,67.21286309268292,116.31478314652979,0.6666666666666666,147.86829880390243,0.5381293706293706,0.3333333333333333,0.75,,11.545421909186622,-45.28208197723601,66.86939554997086,0.577013986013986,1.0840020358879396,,55.6674411834963,0.42657342657342656,,0.04895104895104895
outcome,AMD_RUB,,,,,,,,,,,,,,,,,window_closing,1.0,1.0,1.0,1.0,1.0,1.0,0.0,0.0,1.0,-29.42817500876492,-29.42817500876492,0.0,-64.74198501928282,0.91,0.0,1.0,0.103,-0.1591571993923302,-60.185075855462095,57.004179822408155,0.464,1.0989010989010988,0.0,-29.269017809372592,0.9100899100899101,1.0,0.8491508491508492
outcome,AMD_RUB,,,,,,,,,,,,,,,,,window_closing,3.0,1.0,1.0,1.0,1.0,1.0,0.0,0.0,1.0,-49.815770706091925,-49.815770706091925,0.0,-109.59469555340223,0.786,0.0,1.0,0.176,1.1563745669995924,-94.2003571088853,86.66869016660868,0.495,1.272264631043257,0.0,-50.97214527309152,0.7862137862137862,1.0,0.8521478521478522
outcome,AMD_RUB,,,,,,,,,,,,,,,,,window_closing,5.0,1.0,1.0,1.0,1.0,1.0,0.0,0.0,1.0,-65.13827468260732,-65.13827468260732,0.0,-143.30420430173612,0.695,0.0,1.0,0.246,1.5983362004942856,-110.37242345138424,115.01373144190504,0.481,1.4388489208633095,0.0,-66.7366108831016,0.6953046953046953,1.0,0.8621378621378621
outcome,AMD_RUB,,,,,,,,,,,,,,,,,window_closing,10.0,1.0,1.0,1.0,1.0,1.0,0.0,0.0,1.0,-38.92404973918774,-38.92404973918774,0.0,-85.63290942621302,0.598,0.0,1.0,0.315,0.7964604784488428,-164.71635453160485,145.45255144887807,0.578,1.6722408026755853,0.0,-39.72051021763658,0.5984015984015985,1.0,0.6793206793206793
outcome,AMD_RUB,,,,,,,,,,,,,,,,,window_closing,20.0,1.0,1.0,0.0,0.0,1.0,0.0,0.0,1.0,-27.411487901007174,-27.411487901007174,0.0,-60.30527338221578,0.5227743271221532,0.0,1.0,0.4109730848861284,7.575703555339674,-252.94308039599755,195.99008785762584,0.5693581780538303,0.0,0.0,-34.98719145634685,1.0,1.0,0.6514994829369183
outcome,AMD_RUB,,,,,,,,,,,,,,,,,portfolio,1.0,24.0,24.0,22.0,0.9166666666666666,,,,24.0,11.448956586908132,14.044220917923639,0.7083333333333334,25.18770449119789,0.9169583333333333,0.8333333333333334,1.0,,0.5270970178247045,-10.444038622695858,11.258272832925526,0.471375,0.9996819193892852,,10.921859569083427,0.6753246753246753,,0.04895104895104895
outcome,AMD_RUB,,,,,,,,,,,,,,,,,portfolio,3.0,24.0,24.0,19.0,0.7916666666666666,,,,24.0,20.278319151112058,17.699434261252545,0.6666666666666666,44.61230213244653,0.785,0.6666666666666666,0.9166666666666666,,1.8417324584929369,-16.04675830203202,19.468814713532847,0.5027916666666666,1.0084925690021231,,18.43658669261912,0.5884115884115884,,0.04295704295704296
outcome,AMD_RUB,,,,,,,,,,,,,,,,,portfolio,5.0,24.0,24.0,16.0,0.6666666666666666,,,,24.0,29.52380473080963,17.58087243200309,0.625,64.95237040778119,0.7105,0.5833333333333334,0.8333333333333334,,2.6247079094032095,-18.2496467543275,23.442258039577478,0.47870833333333335,0.9383063570255687,,26.89909682140642,0.7932067932067932,,0.01998001998001998
outcome,AMD_RUB,,,,,,,,,,,,,,,,,portfolio,10.0,24.0,24.0,14.0,0.5833333333333334,,,,24.0,44.28898594835761,39.373388051025444,0.75,97.43576908638676,0.6124166666666667,0.5,0.7083333333333334,,3.6080335361542564,-23.9633014095736,29.105279534232267,0.5720833333333333,0.9525105456524697,,40.680952412203354,0.7482517482517482,,0.008991008991008992
outcome,AMD_RUB,,,,,,,,,,,,,,,,,portfolio,20.0,24.0,23.0,12.0,0.5217391304347826,,,,23.0,51.09770015086199,58.05542301620485,0.6086956521739131,112.41494033189637,0.5415986495388669,0.4166666666666667,0.6521739130434783,,13.048776812031642,-20.296084147269678,45.44020649478261,0.5859525691699605,0.9633316679777667,,38.04892333883035,0.6813186813186813,,0.030969030969030968
outcome,KGS_RUB,,,,,,,,,,,,,,,,,good_now,1.0,11.0,11.0,9.0,0.8181818181818182,,,,11.0,-1.4338121764092058,-5.114658017093287,0.36363636363636365,-3.1543867881002527,0.9167272727272725,0.7272727272727273,1.0,,-0.27516004664396654,-17.28474924820404,15.065263826394153,0.464090909090909,0.8925029750099169,,-1.1586521297652392,0.9300699300699301,,0.5714285714285714
outcome,KGS_RUB,,,,,,,,,,,,,,,,,good_now,3.0,11.0,11.0,6.0,0.5454545454545454,,,,11.0,-12.030596616080437,-0.5941435030718204,0.45454545454545453,-26.467312555376964,0.7707272727272727,0.5454545454545454,0.9090909090909091,,0.8485767699005524,-26.150272397526464,25.98138584726,0.509090909090909,0.7077140835102618,,-12.87917338598099,0.985014985014985,,0.7892107892107892
outcome,KGS_RUB,,,,,,,,,,,,,,,,,good_now,5.0,11.0,11.0,5.0,0.45454545454545453,,,,11.0,-14.014502674347144,-19.286710989464797,0.45454545454545453,-30.831905883563717,0.6885454545454545,0.45454545454545453,0.9090909090909091,,1.2665136302778381,-33.49051504182518,34.24333583307668,0.5026363636363635,0.6601531555320835,,-15.281016304624982,0.98001998001998,,0.7722277722277723
outcome,KGS_RUB,,,,,,,,,,,,,,,,,good_now,10.0,11.0,11.0,5.0,0.45454545454545453,,,,11.0,-1.6361831882977071,9.59142142485255,0.5454545454545454,-3.5996030142549555,0.5922727272727273,0.36363636363636365,0.8181818181818182,,1.8630826083280874,-44.74643020405564,46.953383402286626,0.5387272727272727,0.7674597083653107,,-3.4992657966257945,0.9180819180819181,,0.5494505494505495
outcome,KGS_RUB,,,,,,,,,,,,,,,,,good_now,20.0,11.0,11.0,4.0,0.36363636363636365,,,,11.0,31.42241351204481,56.27966955724717,0.5454545454545454,69.12930972649858,0.5030464646464646,0.2727272727272727,0.7272727272727273,,10.62777163180325,-57.50649827602248,71.33460723057374,0.5575858585858586,0.7228683415793871,,20.794641880241556,0.8911088911088911,,0.33466533466533466
outcome,KGS_RUB,,,,,,,,,,,,,,,,,positive_market_fact,1.0,13.0,13.0,12.0,0.9230769230769231,,,,13.0,15.240694349642506,15.751828994155945,0.7692307692307693,33.52952756921351,0.9150000000000001,0.7692307692307693,1.0,,-0.2658583078345135,-15.487677056999742,13.998146703206654,0.45861538461538465,1.0088272383354349,,15.50655265747702,0.6763236763236763,,0.03896103896103896
outcome,KGS_RUB,,,,,,,,,,,,,,,,,positive_market_fact,3.0,13.0,13.0,10.0,0.7692307692307693,,,,13.0,32.052484826595546,31.980972473018582,0.7692307692307693,70.5154666185102,0.764923076923077,0.6153846153846154,0.9230769230769231,,0.3481263871770404,-24.77134488302984,24.27941749988718,0.5054615384615385,1.005631536604988,,31.704358439418506,0.6513486513486514,,0.013986013986013986
outcome,KGS_RUB,,,,,,,,,,,,,,,,,positive_market_fact,5.0,13.0,13.0,9.0,0.6923076923076923,,,,13.0,47.779474266777456,54.12342992186297,0.6153846153846154,105.11484338691041,0.6773076923076923,0.46153846153846156,0.8461538461538461,,0.629460368798464,-30.341849500316588,31.1914607814243,0.49984615384615383,1.022146507666099,,47.150013897978994,0.5814185814185814,,0.003996003996003996
outcome,KGS_RUB,,,,,,,,,,,,,,,,,positive_market_fact,10.0,13.0,13.0,8.0,0.6153846153846154,,,,13.0,77.42758967826566,90.5547979236264,0.8461538461538461,170.34069729218444,0.5857692307692307,0.38461538461538464,0.7692307692307693,,0.7578973065455135,-40.75003293923597,41.376118122689775,0.5390769230769231,1.050558108995404,,76.66969237172015,0.5384615384615384,,0.000999000999000999
outcome,KGS_RUB,,,,,,,,,,,,,,,,,positive_market_fact,20.0,13.0,12.0,6.0,0.5,,,,12.0,77.41010469003646,110.25566425676979,0.75,170.3022303180802,0.4953374125874126,0.3076923076923077,0.6923076923076923,,8.813394694015251,-51.34050978706082,66.18005665761652,0.5551229603729604,1.009412952250532,,68.59670999602122,0.5444555444555444,,0.02197802197802198
outcome,KGS_RUB,,,,,,,,,,,,,,,,,window_closing,1.0,1.0,1.0,1.0,1.0,1.0,0.0,0.0,1.0,-44.7255286952681,-44.7255286952681,0.0,-98.39616312958982,0.907,0.0,1.0,0.105,-0.17382596290865773,-57.90116186783439,56.44179762551748,0.446,1.1025358324145533,0.0,-44.551702732359445,0.9070929070929071,1.0,0.932067932067932
outcome,KGS_RUB,,,,,,,,,,,,,,,,,window_closing,3.0,1.0,1.0,1.0,1.0,1.0,0.0,0.0,1.0,-53.213290189053524,-53.213290189053524,0.0,-117.06923841591775,0.764,0.0,1.0,0.196,1.6208355821949094,-92.72738766879044,86.89978112779352,0.517,1.3089005235602094,0.0,-54.83412577124843,0.7642357642357642,1.0,0.8311688311688312
outcome,KGS_RUB,,,,,,,,,,,,,,,,,window_closing,5.0,1.0,1.0,1.0,1.0,1.0,0.0,0.0,1.0,-66.30953919507891,-66.30953919507891,0.0,-145.8809862291736,0.698,0.0,1.0,0.254,2.527119392480446,-118.24782832482055,119.9951334175341,0.523,1.4326647564469914,0.0,-68.83665858755936,0.6983016983016983,1.0,0.8231768231768232
outcome,KGS_RUB,,,,,,,,,,,,,,,,,window_closing,10.0,1.0,1.0,0.0,0.0,1.0,0.0,0.0,1.0,-108.98493890272665,-108.98493890272665,0.0,-239.76686558599863,0.611,0.0,1.0,0.305,2.481540003954856,-201.20210866466653,151.52431822057028,0.552,0.0,0.0,-111.46647890668152,1.0,1.0,0.8781218781218781
outcome,KGS_RUB,,,,,,,,,,,,,,,,,window_closing,20.0,1.0,1.0,0.0,0.0,1.0,0.0,0.0,1.0,-119.2685543926281,-119.2685543926281,0.0,-262.3908196637818,0.5186721991701245,0.0,1.0,0.43775933609958506,11.772727782035147,-264.2565831206739,211.9015847500546,0.5684647302904564,0.0,0.0,-131.04128217466325,1.0,1.0,0.8186528497409327
outcome,KGS_RUB,,,,,,,,,,,,,,,,,portfolio,1.0,25.0,25.0,22.0,0.88,,,,25.0,5.505262556383331,6.20734247118242,0.56,12.111577624043328,0.9171600000000001,0.84,1.0,,0.26539137802783536,-10.311492191847673,10.535866108236943,0.46608000000000005,0.9594836233590649,,5.239871178355496,0.8731268731268731,,0.21578421578421578
outcome,KGS_RUB,,,,,,,,,,,,,,,,,portfolio,3.0,25.0,25.0,17.0,0.68,,,,25.0,9.24529799119215,12.719246317000751,0.6,20.33965558062273,0.77148,0.64,0.88,,1.1559031283566332,-15.90505263001967,19.078047126396896,0.51332,0.881422719966817,,8.089394862835515,0.938061938061938,,0.22077922077922077
outcome,KGS_RUB,,,,,,,,,,,,,,,,,portfolio,5.0,25.0,25.0,15.0,0.6,,,,25.0,16.026563874208378,3.559830205004603,0.52,35.258440523258436,0.68628,0.56,0.8,,1.7724726611398733,-18.71076555159086,23.48360579997397,0.50612,0.8742787200559538,,14.254091213068504,0.9250749250749251,,0.13086913086913088
outcome,KGS_RUB,,,,,,,,,,,,,,,,,portfolio,10.0,25.0,25.0,13.0,0.52,,,,25.0,35.183028473738084,40.96396106743069,0.68,77.40266264222379,0.5906399999999998,0.48,0.72,,2.508282458637163,-24.573400836379367,29.052018088833865,0.53724,0.8804009210348099,,32.67474601510092,0.9080919080919081,,0.022977022977022976
outcome,KGS_RUB,,,,,,,,,,,,,,,,,portfolio,20.0,25.0,24.0,10.0,0.4166666666666667,,,,24.0,48.137468771679266,73.44236769268981,0.625,105.90243129769438,0.49959376811594197,0.375,0.625,,10.710186228059428,-24.199166800609394,44.33877412022555,0.5605873913043478,0.8340109370018599,,37.42728254361984,0.9040959040959041,,0.030969030969030968
outcome,KZT_RUB,,,,,,,,,,,,,,,,,positive_market_fact,1.0,15.0,15.0,14.0,0.9333333333333333,,,,15.0,24.534529236477905,20.071879026241998,0.7333333333333333,53.97596432025139,0.8603333333333335,0.7333333333333333,1.0,,-0.1278305246265053,-18.471792175490254,19.492424599151875,0.4946666666666667,1.084850833010461,,24.662359761104412,0.34765234765234765,,0.015984015984015984
outcome,KZT_RUB,,,,,,,,,,,,,,,,,positive_market_fact,3.0,15.0,15.0,12.0,0.8,,,,15.0,47.1881540874027,43.94463207132691,0.8,103.81393899228594,0.7264666666666667,0.5333333333333333,0.8666666666666667,,1.1633289088917769,-27.95910570835654,30.220692857383856,0.5523333333333332,1.1012205194090117,,46.02482517851092,0.34565434565434566,,0.001998001998001998
outcome,KZT_RUB,,,,,,,,,,,,,,,,,positive_market_fact,5.0,15.0,15.0,11.0,0.7333333333333333,,,,15.0,59.133005948550625,68.3345681625745,0.8,130.09261308681138,0.6287999999999999,0.4666666666666667,0.8,,1.6157176129042023,-33.454668577429196,33.86515145347893,0.5389333333333334,1.166242578456319,,57.51728833564642,0.24575424575424576,,0.000999000999000999
outcome,KZT_RUB,,,,,,,,,,,,,,,,,positive_market_fact,10.0,15.0,15.0,10.0,0.6666666666666666,,,,15.0,75.34730749039578,86.24476807990165,0.8,165.7640764788707,0.5088666666666667,0.3333333333333333,0.6666666666666666,,1.6089769586451936,-42.421452254176295,44.181750413025604,0.485,1.310100877767588,,73.73833053175059,0.11888111888111888,,0.002997002997002997
outcome,KZT_RUB,,,,,,,,,,,,,,,,,positive_market_fact,20.0,15.0,15.0,8.0,0.5333333333333333,,,,15.0,104.66585498260338,169.5348922810642,0.7333333333333333,230.26488096172744,0.43265274725274727,0.26666666666666666,0.6,,11.892286433295933,-53.6909593903047,76.06784239937409,0.5208300366300366,1.2327052970768968,,92.77356854930744,0.2217782217782218,,0.005994005994005994
outcome,KZT_RUB,,,,,,,,,,,,,,,,,good_now,1.0,6.0,6.0,4.0,0.6666666666666666,,,,6.0,20.70651863271566,9.702643295167999,0.6666666666666666,45.554340991974456,0.8566666666666666,0.6666666666666666,1.0,,0.6167492238420107,-29.927111338909864,32.168372786148055,0.49766666666666665,0.7782101167315175,,20.08976940887365,0.961038961038961,,0.14285714285714285
outcome,KZT_RUB,,,,,,,,,,,,,,,,,good_now,3.0,6.0,6.0,2.0,0.3333333333333333,,,,6.0,29.98257528580932,33.4395181143376,0.8333333333333334,65.96166562878051,0.721,0.5,1.0,,2.2483630674157213,-44.497934795461795,51.188501662551424,0.5508333333333333,0.4623208506703652,,27.7342122183936,0.997002997002997,,0.15684315684315683
outcome,KZT_RUB,,,,,,,,,,,,,,,,,good_now,5.0,6.0,6.0,2.0,0.3333333333333333,,,,6.0,54.46245925254021,61.13314117108031,0.8333333333333334,119.81741035558845,0.6333333333333334,0.3333333333333333,1.0,,3.089378199690829,-53.792922302495654,60.0693316246092,0.5416666666666666,0.5263157894736841,,51.37308105284938,0.9820179820179821,,0.06893106893106893
outcome,KZT_RUB,,,,,,,,,,,,,,,,,good_now,10.0,6.0,6.0,2.0,0.3333333333333333,,,,6.0,73.25606146631111,106.9778573722814,0.8333333333333334,161.16333522588442,0.5101666666666667,0.16666666666666666,0.8333333333333334,,3.537503676348081,-74.6379337523924,72.87995280303356,0.48766666666666664,0.6533812479581835,,69.71855778996303,0.9240759240759241,,0.05094905094905095
outcome,KZT_RUB,,,,,,,,,,,,,,,,,good_now,20.0,6.0,6.0,2.0,0.3333333333333333,,,,6.0,116.29813284175839,173.41587428762108,0.6666666666666666,255.85589225186845,0.44106666666666666,0.16666666666666666,0.8,,14.420130976206305,-103.36487740137161,124.6342837728051,0.5179666666666667,0.7557436517533253,,101.87800186555208,0.8201798201798202,,0.06993006993006994
outcome,KZT_RUB,,,,,,,,,,,,,,,,,portfolio,1.0,21.0,21.0,18.0,0.8571428571428571,,,,21.0,23.440811921117263,19.345060029515228,0.7142857142857143,51.56978622645798,0.8654761904761906,0.7619047619047619,0.9523809523809523,,0.9542214447819153,-14.090175258051943,16.782376761650834,0.5035238095238096,0.9903713892709763,,22.486590476335348,0.6873126873126874,,0.01098901098901099
outcome,KZT_RUB,,,,,,,,,,,,,,,,,portfolio,3.0,21.0,21.0,14.0,0.6666666666666666,,,,21.0,42.27227442980459,41.64178787228749,0.8095238095238095,92.99900374557009,0.7283809523809522,0.5714285714285714,0.8571428571428571,,1.9525071209632947,-22.50586545198055,26.237018997327425,0.5490952380952381,0.9152719665271968,,40.31976730884129,0.8541458541458542,,0.003996003996003996
outcome,KZT_RUB,,,,,,,,,,,,,,,,,portfolio,5.0,21.0,21.0,13.0,0.6190476190476191,,,,21.0,57.79856403540479,68.3345681625745,0.8095238095238095,127.15684087789055,0.6312857142857142,0.47619047619047616,0.7619047619047619,,2.5235696468790216,-24.18944653367801,30.917171190859765,0.5364761904761904,0.9806140152372332,,55.27499438852577,0.6493506493506493,,0.000999000999000999
outcome,KZT_RUB,,,,,,,,,,,,,,,,,portfolio,10.0,21.0,21.0,12.0,0.5714285714285714,,,,21.0,74.74980862637159,86.24476807990165,0.8095238095238095,164.44957897801748,0.5054761904761905,0.38095238095238093,0.6666666666666666,,2.9390733754195684,-32.56183740023584,38.8017582004361,0.48366666666666663,1.1304757418747053,,71.81073525095202,0.3126873126873127,,0.000999000999000999
outcome,KZT_RUB,,,,,,,,,,,,,,,,,portfolio,20.0,21.0,21.0,10.0,0.47619047619047616,,,,21.0,107.98936294236195,169.5348922810642,0.7142857142857143,237.5765984731963,0.42978370927318293,0.3,0.5510714285714277,,13.490412238094168,-36.50647604551212,65.19759223670428,0.5198557644110277,1.1079770263879307,,94.49895070426778,0.32367632367632365,,0.001998001998001998
outcome,TJS_RUB,,,,,,,,,,,,,,,,,positive_market_fact,1.0,13.0,13.0,12.0,0.9230769230769231,,,,13.0,17.727029486540467,12.652272397647563,0.7692307692307693,38.999464870389026,0.9290769230769234,0.8461538461538461,1.0,,0.4118635154550171,-14.568582494707451,16.28539961171674,0.4443076923076924,0.9935419771485343,,17.31516597108545,0.7732267732267732,,0.03496503496503497
outcome,TJS_RUB,,,,,,,,,,,,,,,,,positive_market_fact,3.0,13.0,13.0,9.0,0.6923076923076923,,,,13.0,32.33507156324195,24.361223252633888,0.6923076923076923,71.13715743913228,0.7764615384615385,0.6153846153846154,0.9230769230769231,,1.649272518877091,-22.49749715772509,26.65187599031529,0.49069230769230776,0.8916187834357042,,30.685799044364856,0.8591408591408591,,0.02197802197802198
outcome,TJS_RUB,,,,,,,,,,,,,,,,,positive_market_fact,5.0,13.0,13.0,8.0,0.6153846153846154,,,,13.0,46.696283670970736,33.080657280451135,0.6153846153846154,102.73182407613562,0.6935384615384615,0.46153846153846156,0.8461538461538461,,2.551473460449915,-28.083981580668052,31.9107073301188,0.4613076923076923,0.8873114463176576,,44.14481021052082,0.8441558441558441,,0.01098901098901099
outcome,TJS_RUB,,,,,,,,,,,,,,,,,positive_market_fact,10.0,13.0,13.0,7.0,0.5384615384615384,,,,13.0,71.29669988330265,70.16738726117724,0.6923076923076923,156.85273974326583,0.5807692307692307,0.38461538461538464,0.7692307692307693,,3.6228586793199273,-39.60492294837176,45.29350623182432,0.5416153846153846,0.9271523178807948,,67.67384120398272,0.7802197802197802,,0.001998001998001998
outcome,TJS_RUB,,,,,,,,,,,,,,,,,positive_market_fact,20.0,13.0,12.0,6.0,0.5,,,,12.0,72.66654794378758,120.10210455792122,0.6666666666666666,159.86640547633266,0.49463344988344987,0.3076923076923077,0.6923076923076923,,12.916373024241167,-46.24349138437492,67.94232414362742,0.5605343822843822,1.0108495495357515,,59.75017491954641,0.5504495504495505,,0.04195804195804196
outcome,TJS_RUB,,,,,,,,,,,,,,,,,good_now,1.0,12.0,12.0,12.0,1.0,,,,12.0,11.068268438887449,0.0,0.4166666666666667,24.35019056555239,0.9277499999999999,0.8333333333333334,1.0,,0.4038438090001969,-14.947211094030719,15.716346150904933,0.4501666666666666,1.0778765831312316,,10.664424629887252,0.3806193806193806,,0.12787212787212787
outcome,TJS_RUB,,,,,,,,,,,,,,,,,good_now,3.0,12.0,12.0,8.0,0.6666666666666666,,,,12.0,13.232163989435959,4.8151782231844455,0.5,29.110760776759108,0.78025,0.5833333333333334,0.9166666666666666,,1.218327683419729,-24.46065968372557,27.184089699294503,0.49016666666666664,0.8544269998931966,,12.01383630601623,0.916083916083916,,0.22377622377622378
outcome,TJS_RUB,,,,,,,,,,,,,,,,,good_now,5.0,12.0,12.0,7.0,0.5833333333333334,,,,12.0,16.347698040657423,6.4494666419981606,0.5833333333333334,35.96493568944633,0.6885833333333333,0.5,0.9166666666666666,,1.6529694902143213,-30.781647554339738,33.37797413318894,0.45833333333333337,0.8471499455403607,,14.694728550443102,0.8861138861138861,,0.23576423576423577
outcome,TJS_RUB,,,,,,,,,,,,,,,,,good_now,10.0,12.0,12.0,6.0,0.5,,,,12.0,34.878708221338336,10.386220827540807,0.6666666666666666,76.73315808694434,0.5735833333333332,0.3333333333333333,0.75,,2.1586350325607984,-42.92420775134659,43.54134522474922,0.5299166666666667,0.8717129158797038,,32.72007318877754,0.8371628371628371,,0.11888111888111888
outcome,TJS_RUB,,,,,,,,,,,,,,,,,good_now,20.0,12.0,12.0,6.0,0.5,,,,12.0,65.8370831191972,81.7151302231,0.6666666666666666,144.84158286223385,0.4892954545454545,0.2727272727272727,0.7272727272727273,,11.350069652485143,-58.20111382480091,72.32065740106128,0.5556212121212121,1.0218774676018396,,54.48701346671206,0.5514485514485514,,0.08491508491508491
outcome,TJS_RUB,,,,,,,,,,,,,,,,,window_closing,1.0,2.0,2.0,2.0,1.0,2.0,0.0,0.0,2.0,-41.026085748766285,-41.026085748766285,0.0,-90.25738864728582,0.927,0.5,1.0,0.1145,1.8997050917117995,-38.03725119609206,39.97287204926178,0.4655,1.0787486515641855,0.0,-42.925790840478086,0.8561438561438561,1.0,0.958041958041958
outcome,TJS_RUB,,,,,,,,,,,,,,,,,window_closing,3.0,2.0,2.0,0.0,0.0,2.0,0.0,0.0,2.0,-60.75261523677045,-60.75261523677045,0.0,-133.65575352089502,0.7685,0.4750000000000014,1.0,0.183,3.624085629212236,-61.48762011498552,68.92311572352405,0.499,0.0,0.0,-64.37670086598268,1.0,1.0,0.948051948051948
outcome,TJS_RUB,,,,,,,,,,,,,,,,,window_closing,5.0,2.0,2.0,0.0,0.0,2.0,0.0,0.0,2.0,-77.74808647356042,-77.74808647356042,0.0,-171.04579024183292,0.685,0.0,1.0,0.2265,4.174322232511561,-83.02559198218337,88.54458694618701,0.476,0.0,0.0,-81.92240870607198,1.0,1.0,0.9400599400599401
outcome,TJS_RUB,,,,,,,,,,,,,,,,,window_closing,10.0,2.0,2.0,0.0,0.0,2.0,0.0,0.0,2.0,-86.91813078730631,-86.91813078730631,0.0,-191.2198877320739,0.57,0.0,1.0,0.304,3.6008803152024447,-135.00572261902764,112.58757159011493,0.545,0.0,0.0,-90.51901110250876,1.0,1.0,0.8821178821178821
outcome,TJS_RUB,,,,,,,,,,,,,,,,,window_closing,20.0,2.0,2.0,0.0,0.0,2.0,0.0,0.0,2.0,-91.3498042584502,-91.3498042584502,0.0,-200.96956936859047,0.4795,0.0,1.0,0.372,9.978084962135721,-188.76988606831944,166.03126334476033,0.5485,0.0,0.0,-101.32788922058593,1.0,1.0,0.8481518481518482
outcome,TJS_RUB,,,,,,,,,,,,,,,,,portfolio,1.0,27.0,27.0,26.0,0.9629629629629629,,,,27.0,10.415497522005294,6.636958773807667,0.5555555555555556,22.914094548411647,0.9305555555555557,0.8518518518518519,1.0,,0.40139012904098637,-9.913089353752786,10.326629612414676,0.44111111111111106,1.034825870646766,,10.014107392964307,0.4015984015984016,,0.04795204795204795
outcome,TJS_RUB,,,,,,,,,,,,,,,,,portfolio,3.0,27.0,27.0,17.0,0.6296296296296297,,,,27.0,16.949506211919847,8.405422995146294,0.5555555555555556,37.288913666223664,0.7838148148148147,0.6666666666666666,0.8888888888888888,,1.2683683104542907,-15.549835439129572,17.684777241369968,0.48696296296296293,0.8032887586826065,,15.681137901465556,0.9920079920079921,,0.056943056943056944
outcome,TJS_RUB,,,,,,,,,,,,,,,,,portfolio,5.0,27.0,27.0,15.0,0.5555555555555556,,,,27.0,23.989921898643995,6.134768346431746,0.5555555555555556,52.77782817701679,0.6957037037037037,0.5925925925925926,0.8148148148148148,,2.0826492672592622,-17.428277023233367,21.20011569187538,0.4573333333333333,0.7985519591141397,,21.907272631384732,0.99000999000999,,0.03196803196803197
outcome,TJS_RUB,,,,,,,,,,,,,,,,,portfolio,10.0,27.0,27.0,13.0,0.48148148148148145,,,,27.0,43.39130872460674,33.43515488519046,0.6296296296296297,95.46087919413482,0.5831111111111111,0.48148148148148145,0.7037037037037037,,3.5280321096342666,-21.62389004573972,28.50472548506728,0.5379259259259259,0.8257113821138211,,39.86327661497247,0.9630369630369631,,0.004995004995004995
outcome,TJS_RUB,,,,,,,,,,,,,,,,,portfolio,20.0,27.0,26.0,12.0,0.46153846153846156,,,,26.0,56.89784477841987,81.7151302231,0.6153846153846154,125.17525851252373,0.49219766381766383,0.38461538461538464,0.6,,12.587344383847933,-18.64843085950636,44.14256583578946,0.5578638176638177,0.9377095737484847,,44.31050039457194,0.7422577422577422,,0.00999000999000999
outcome,UZS_RUB,,,,,,,,,,,,,,,,,positive_market_fact,1.0,12.0,12.0,12.0,1.0,,,,12.0,18.112910173957903,9.79931832280426,0.75,39.848402382707384,0.9025833333333333,0.75,1.0,,0.268423377855952,-15.373880119725229,14.99812177906564,0.5058333333333334,1.1079309389714709,,17.84448679610195,0.2837162837162837,,0.01998001998001998
outcome,UZS_RUB,,,,,,,,,,,,,,,,,positive_market_fact,3.0,12.0,12.0,10.0,0.8333333333333334,,,,12.0,39.196571231740315,30.686309585342066,0.6666666666666666,86.2324567098287,0.7678333333333333,0.5833333333333334,0.9166666666666666,,2.4169252976364395,-23.10535464961703,27.931078374331776,0.5148333333333334,1.085304970696766,,36.779645934103876,0.43356643356643354,,0.011988011988011988
outcome,UZS_RUB,,,,,,,,,,,,,,,,,positive_market_fact,5.0,12.0,12.0,8.0,0.6666666666666666,,,,12.0,55.476529481818766,38.74081315379497,0.6666666666666666,122.04836486000127,0.672,0.5,0.8333333333333334,,3.1272371054497916,-30.968155857993892,35.07906419129383,0.5096666666666666,0.992063492063492,,52.34929237636897,0.6603396603396603,,0.004995004995004995
outcome,UZS_RUB,,,,,,,,,,,,,,,,,positive_market_fact,10.0,12.0,12.0,7.0,0.5833333333333334,,,,12.0,92.57987609305134,97.79118157839233,0.9166666666666666,203.67572740471294,0.5584166666666667,0.3333333333333333,0.75,,3.4111491675218866,-43.81281855459272,47.60670216271996,0.5255,1.044620205939412,,89.16872692552946,0.5514485514485514,,0.001998001998001998
outcome,UZS_RUB,,,,,,,,,,,,,,,,,positive_market_fact,20.0,12.0,11.0,5.0,0.45454545454545453,,,,11.0,86.61171666814558,132.6241443654536,0.7272727272727273,190.54577666992026,0.4859833333333333,0.2727272727272727,0.6666666666666666,,13.793743133201962,-54.703715875771785,76.64402545856376,0.5734227272727273,0.9353107881864012,,72.81797353494362,0.6343656343656343,,0.027972027972027972
outcome,UZS_RUB,,,,,,,,,,,,,,,,,good_now,1.0,8.0,8.0,6.0,0.75,,,,8.0,-0.3236352041756758,-10.662650239497903,0.25,-0.7119974491864868,0.900125,0.75,1.0,,0.30747859221057366,-18.519175908339314,18.876525409790414,0.513,0.8332176086654631,,-0.6311137963862494,0.9660339660339661,,0.5504495504495505
outcome,UZS_RUB,,,,,,,,,,,,,,,,,good_now,3.0,8.0,8.0,5.0,0.625,,,,8.0,-7.868784571325644,-6.02382820156417,0.375,-17.311326056916418,0.76925,0.5,1.0,,2.3797651290907833,-30.504700921643465,35.35300114206412,0.5115,0.8124796880077998,,-10.248549700416428,0.9210789210789211,,0.6903096903096904
outcome,UZS_RUB,,,,,,,,,,,,,,,,,good_now,5.0,8.0,8.0,4.0,0.5,,,,8.0,-5.577753471026165,1.2617652479488821,0.625,-12.271057636257563,0.670125,0.375,0.875,,3.2576244889697983,-37.74837438160657,44.62247385214042,0.5085,0.7461294534601753,,-8.835377959995963,0.926073926073926,,0.6403596403596403
outcome,UZS_RUB,,,,,,,,,,,,,,,,,good_now,10.0,8.0,8.0,3.0,0.375,,,,8.0,2.8614452241336323,-0.4372794881446539,0.5,6.2951794930939915,0.557625,0.25,0.75,,3.578318237269308,-54.820426007460405,59.09859692942744,0.529125,0.6724949562878278,,-0.7168730131356758,0.9370629370629371,,0.5334665334665335
outcome,UZS_RUB,,,,,,,,,,,,,,,,,good_now,20.0,8.0,8.0,3.0,0.375,,,,8.0,33.48261415299528,12.30241839758333,0.5,73.66175113658961,0.4939940476190476,0.25,0.75,,13.293013378238117,-71.77890352742742,94.28472685484343,0.5700892857142857,0.7591184586280441,,20.189600774757167,0.8551448551448552,,0.3696303696303696
outcome,UZS_RUB,,,,,,,,,,,,,,,,,window_closing,1.0,3.0,3.0,2.0,0.6666666666666666,3.0,0.0,0.0,3.0,-30.97510615578736,-37.26056543266343,0.0,-68.14523354273219,0.9063333333333332,0.6666666666666666,1.0,0.10966666666666666,-0.5937478231074885,-32.25584780214445,31.337231015050037,0.49266666666666664,0.7355645457888931,0.0,-30.38135833267987,0.98001998001998,1.0,0.9440559440559441
outcome,UZS_RUB,,,,,,,,,,,,,,,,,window_closing,3.0,3.0,3.0,2.0,0.6666666666666666,3.0,0.0,0.0,3.0,-28.39113800407509,-36.92793774121066,0.3333333333333333,-62.4605036089652,0.7686666666666665,0.3333333333333333,1.0,0.20966666666666667,1.7975604775562692,-52.35977022276047,57.65679148472637,0.5083333333333334,0.8673026886383349,0.0,-30.18869848163136,0.8821178821178821,1.0,0.8341658341658341
outcome,UZS_RUB,,,,,,,,,,,,,,,,,window_closing,5.0,3.0,3.0,2.0,0.6666666666666666,3.0,0.0,0.0,3.0,-25.539804301916575,-34.033616790013845,0.3333333333333333,-56.187569464216466,0.6716666666666667,0.3333333333333333,1.0,0.26,2.21828072837104,-69.06874880128288,73.739349848075,0.5056666666666666,0.9925558312655085,0.0,-27.758085030287617,0.7552447552447552,1.0,0.7382617382617382
outcome,UZS_RUB,,,,,,,,,,,,,,,,,window_closing,10.0,3.0,3.0,2.0,0.6666666666666666,3.0,1.0,0.3333333333333333,3.0,-18.277423273559506,-46.074470589898525,0.3333333333333333,-40.21033120183091,0.5546666666666666,0.0,1.0,0.325,1.7974306781464124,-108.61105863722315,99.53062248137303,0.5243333333333332,1.2019230769230769,1.0256410256410255,-20.07485395170592,0.5904095904095904,0.6963036963036963,0.6483516483516484
outcome,UZS_RUB,,,,,,,,,,,,,,,,,window_closing,20.0,3.0,3.0,2.0,0.6666666666666666,3.0,1.0,0.3333333333333333,3.0,21.103821686098986,-18.825528199424067,0.3333333333333333,46.42840770941777,0.4881666666666667,0.0,1.0,0.379,10.060909061185535,-152.71368923034015,154.26833535670968,0.5671666666666666,1.3656538067599862,0.8795074758135444,11.04291262491345,0.4645354645354645,0.7572427572427572,0.4775224775224775
outcome,UZS_RUB,,,,,,,,,,,,,,,,,portfolio,1.0,23.0,23.0,20.0,0.8695652173913043,,,,23.0,5.297413999422928,0.0,0.4782608695652174,11.654310798730442,0.9062173913043479,0.8260869565217391,1.0,,0.6380229234237919,-10.85723704539708,11.73159059419254,0.5127391304347826,0.959554766588303,,4.659391075999136,0.8541458541458542,,0.26073926073926074
outcome,UZS_RUB,,,,,,,,,,,,,,,,,portfolio,3.0,23.0,23.0,17.0,0.7391304347826086,,,,23.0,14.010224530350145,7.3436915804000025,0.5217391304347826,30.822493966770317,0.7757826086956521,0.6521739130434783,0.9130434782608695,,2.8389452352700317,-16.868686716621678,21.669521791423104,0.518,0.9527545816286499,,11.171279295080113,0.7882117882117882,,0.17382617382617382
outcome,UZS_RUB,,,,,,,,,,,,,,,,,portfolio,5.0,23.0,23.0,14.0,0.6086956521739131,,,,23.0,23.672909265559394,19.35234070171317,0.6086956521739131,52.080400384230664,0.6799565217391303,0.5652173913043478,0.8260869565217391,,3.4972294078059547,-20.28292920315428,26.391561004710272,0.5097826086956522,0.8951979026791996,,20.17567985775344,0.8851148851148851,,0.07892107892107893
outcome,UZS_RUB,,,,,,,,,,,,,,,,,portfolio,10.0,23.0,23.0,12.0,0.5217391304347826,,,,23.0,46.91381761256551,48.57796864253968,0.6956521739130435,103.21039874764412,0.563913043478261,0.43478260869565216,0.6956521739130435,,3.6663205087409754,-26.08774895753508,32.649609274117864,0.5294347826086957,0.9252120277563606,,43.247497103824536,0.7942057942057942,,0.004995004995004995
outcome,UZS_RUB,,,,,,,,,,,,,,,,,portfolio,20.0,23.0,22.0,10.0,0.45454545454545453,,,,22.0,58.35914825599365,96.21996901029655,0.5909090909090909,128.39012616318604,0.4881178242047807,0.36363636363636365,0.6086956521739131,,13.020765091579065,-27.465580045767037,51.24236196263814,0.5689603801995106,0.9312207668014977,,45.33838316441459,0.7162837162837162,,0.024975024975024976
